0,1,2,3,4
-0.9274434656515438,-0.8263814486545055,0.7442942312878363,0.696890922512419,-1.154961863585028
-2.515886114470241,0.9647927619726466,-0.7442942312878363,-0.7875678480218135,-0.23131753306153824
0.5968595913459899,0.07007913304052299,2.232882693863509,1.9804861536502345,1.1394513766127208
-1.1764701517464478,0.38443760495849016,-0.7442942312878363,-0.014249078763868913,-0.8992606756342193
-0.2720484939086317,-0.09098665308871291,-0.7442942312878363,0.696890922512419,-2.116499041173946
2.43476428474282,1.1063040419521186,2.232882693863509,1.3588038966735592,2.2443853837086842
0.20155806473072665,1.16179359162862,-0.7442942312878363,-0.014249078763868913,1.2356065892287957
-0.028652032369166178,-1.3763477070030465,0.7442942312878363,-0.7875678480218135,-0.36074841194884105
0.5720599360473959,1.0104500506979706,0.7442942312878363,1.3588038966735592,0.10520155921816193
-0.6070280886816101,1.8010960296940717,0.7442942312878363,-0.014249078763868913,-0.624000554146279
-0.17296050776313007,-1.502909601087239,0.7442942312878363,-0.014249078763868913,-0.4935542586246457
-0.815412409123929,-0.8655504824746809,-0.7442942312878363,-0.7875678480218135,0.17524908061407649
-0.8916655721954303,-0.8655504824746809,-0.7442942312878363,-1.642943575886056,-1.473980851852275
-0.07620498427347164,-1.205560362234385,-0.7442942312878363,-0.014249078763868913,0.13903762332094313
1.2097783263658113,2.376308491052075,0.7442942312878363,1.3588038966735592,1.0396386066353072
0.12919742148858057,0.659695519633122,-0.7442942312878363,0.696890922512419,1.1460519042019586
1.2097783263658113,-0.9622446441187077,2.232882693863509,-0.7875678480218135,-0.045654178986508025
-0.7407996745017607,-0.6346464797795095,-0.7442942312878363,-0.7875678480218135,0.417544771593267
-0.2620298537088391,-0.48356914459826744,-0.7442942312878363,0.696890922512419,0.5374416707403379
-1.1764701517464478,0.34245574437919,-0.7442942312878363,-0.014249078763868913,0.10259025328337021
0.10175442961098476,0.2657990822777971,-0.7442942312878363,0.696890922512419,0.6192449480147978
-0.4779546643975066,-1.511281506084842,-0.7442942312878363,-1.642943575886056,-0.5023391929806094
0.06951899585398408,-0.3857710635170794,0.7442942312878363,1.3588038966735592,0.6096782978735895
0.250636325642187,0.47744515912506513,-0.7442942312878363,1.3588038966735592,1.5410631209282752
-1.0247704214904902,-0.5644180062049808,-0.7442942312878363,-0.014249078763868913,-1.0383929854889182
0.7590753018114186,-0.5319408412273556,0.7442942312878363,0.696890922512419,0.5253174103088689
-0.6070280886816101,-0.7392723485808566,-0.7442942312878363,-0.7875678480218135,0.30775716774221146
0.12919742148858057,-0.35652467898796014,0.7442942312878363,-0.014249078763868913,0.0395466521845213
-2.515886114470241,-0.6252318550958768,-0.7442942312878363,-1.642943575886056,-0.8833572644655014
0.8929641665978765,2.0101099835156986,2.232882693863509,1.3588038966735592,0.5301700614378787
-1.7468056588919223,-1.6674871109545857,-0.7442942312878363,-0.014249078763868913,-0.7334088567960338
-1.1764701517464478,-0.20804472855818654,-0.7442942312878363,-0.7875678480218135,-0.7334088567960338
0.5304433368857928,-0.12975649153462585,0.7442942312878363,-0.014249078763868913,0.9018354280107617
-0.7635890296836642,-0.7296786914007548,-0.7442942312878363,-0.7875678480218135,-0.1213211214957173
1.5023432402597838,2.7261624282959285,2.232882693863509,2.568487851943928,2.532279031699614
-1.1764701517464478,-0.9000594347330513,0.7442942312878363,-0.7875678480218135,0.13903762332094313
0.11092113151649795,-0.09528231660525607,0.7442942312878363,0.696890922512419,0.9835185575836447
0.2373041734044087,-0.4356011272507856,0.7442942312878363,0.696890922512419,0.6264100604761618
1.7274899317803987,-0.009932534796891816,0.7442942312878363,1.3588038966735592,1.0730790854081942
-1.0997169277162957,-0.6535233983700027,-2.232882693863509,-1.642943575886056,-0.9473075028694581
0.6542411937163198,0.9206875682298082,2.232882693863509,1.9804861536502345,2.030243236431781
0.12919742148858057,-0.7826528267994345,-0.7442942312878363,-0.7875678480218135,0.2622365062452601
0.39478361348786983,0.4636748545026081,0.7442942312878363,-0.014249078763868913,1.5327585040630471
-0.1146377770960247,-1.1898456499865133,-0.7442942312878363,-0.7875678480218135,-0.41229940799179354
1.35081946257843,1.3170902265483944,2.232882693863509,1.3588038966735592,1.3218367019545152
2.43476428474282,0.3082730460222628,-0.7442942312878363,-1.642943575886056,0.5664403035833508
0.5304433368857928,-1.486210100151503,-0.7442942312878363,0.696890922512419,-0.54058868377086
0.055630518224649865,-0.2784985226415276,-0.7442942312878363,-0.7875678480218135,-1.0383929854889182
0.513695630543514,0.43802600442514855,-0.7442942312878363,-0.7875678480218135,-0.7984171829883973
0.5304433368857928,1.2310169931179062,-0.7442942312878363,-0.014249078763868913,-0.19807696489535767
0.22839419071520317,-0.41516450284802553,-0.7442942312878363,-0.7875678480218135,-0.25638742409765747
0.12919742148858057,-0.7464786030070762,-0.7442942312878363,-0.014249078763868913,0.30019539152702046
0.5304433368857928,0.518587528443282,-0.7442942312878363,-0.7875678480218135,1.627673775948053
-1.1764701517464478,-1.3250247261865975,-0.7442942312878363,-0.014249078763868913,-0.5940463083223038
-0.7807783200787775,-0.5365690970106959,-0.7442942312878363,-1.642943575886056,-0.7984171829883973
-0.7407996745017607,0.3524757054490674,0.7442942312878363,-0.7875678480218135,-0.8580262293092505
-0.8916655721954303,-0.7778157339058043,-0.7442942312878363,-0.7875678480218135,-0.2424448227753196
0.8225190907331511,0.19643671144813846,2.232882693863509,1.3588038966735592,1.1877029547773965
-0.07620498427347164,-0.7947643867223251,-0.7442942312878363,-1.642943575886056,0.2495274204515992
-0.17296050776313007,-1.502909601087239,0.7442942312878363,-0.014249078763868913,-0.4935542586246457
0.21946658189579943,-1.403578932358605,0.7442942312878363,-0.7875678480218135,-0.5170154768821759
-0.014489412141154139,-0.2696462673787936,-0.7442942312878363,-0.014249078763868913,-1.0780097600680716
0.0833633126467194,0.31633208782845845,0.7442942312878363,0.696890922512419,-0.7457222161257406
0.12919742148858057,0.013334161387487605,0.7442942312878363,0.696890922512419,-0.867508978269835
-0.5365614992078426,0.4557933782533005,-0.7442942312878363,-0.7875678480218135,0.2976725908299745
-1.1764701517464478,0.5962681571289234,0.7442942312878363,-0.7875678480218135,-0.8485629989334827
0.7988204629127015,1.858339073401974,0.7442942312878363,1.3588038966735592,0.18040315327474554
1.498864519844335,2.229549451379223,0.7442942312878363,1.3588038966735592,0.3027170869443051
-0.1827615875915582,0.3524757054490674,-0.7442942312878363,-0.014249078763868913,0.9564064679868198
-0.2720484939086317,0.18206310608860882,0.7442942312878363,-0.014249078763868913,-0.9991283809814502
-1.1764701517464478,-0.7633301276098612,-0.7442942312878363,-0.7875678480218135,-0.7704460189483299
-2.515886114470241,-1.4751096714211533,-0.7442942312878363,-1.642943575886056,-0.46438281469558823
-1.5928682203138658,-1.428219026126184,-0.7442942312878363,-0.7875678480218135,-0.8992606756342193
0.9624635422940029,0.630937573536318,0.7442942312878363,-0.014249078763868913,-0.5642754984501098
-1.1764701517464478,-0.32295872949909243,-0.7442942312878363,-1.642943575886056,-1.0383929854889182
-0.33269368358210083,-0.4538276999642724,0.7442942312878363,0.696890922512419,0.607284276694809
0.6501646359918748,-0.09098665308871291,0.7442942312878363,0.696890922512419,0.9496105142062625
0.8185769622116206,1.331049974256108,0.7442942312878363,1.3588038966735592,0.650233043107068
-1.1764701517464478,0.11801746863363505,-0.7442942312878363,-1.642943575886056,-2.5261863576400514
-0.7750392018542865,-1.2742330531469788,0.7442942312878363,-0.014249078763868913,-0.25359591425992073
0.3254569474528129,-0.7778157339058043,-0.7442942312878363,-1.642943575886056,-0.953752490609973
0.3254569474528129,-0.4106327745441925,-0.7442942312878363,-0.014249078763868913,-1.0780097600680716
0.5304433368857928,-0.07597543749343288,-0.7442942312878363,-0.7875678480218135,0.417544771593267
-0.803829421173099,-1.205560362234385,-0.7442942312878363,-0.014249078763868913,-0.1815352444497337
-2.515886114470241,-0.5481562255991538,-0.7442942312878363,-1.642943575886056,-0.203602449509057
0.4926784323659334,0.8502926072582887,2.232882693863509,0.696890922512419,1.9757435812986797
1.7608716296674236,0.9867443014993984,0.7442942312878363,1.3588038966735592,2.1189271431058665
-0.9214540511086161,0.0993022193780406,-0.7442942312878363,-0.7875678480218135,-0.6571661937548575
0.004321331942487808,0.5497665600721464,0.7442942312878363,0.696890922512419,-0.07795249716266875
1.9121116628864336,0.44197839760337926,0.7442942312878363,0.696890922512419,1.5472851205955767
-1.0247704214904902,0.680708640224343,-0.7442942312878363,-0.7875678480218135,-0.44696150061881545
0.3254569474528129,-0.5504764872483603,0.7442942312878363,-0.014249078763868913,-1.2401984633798526
0.3254569474528129,-1.458507431669056,-0.7442942312878363,-1.642943575886056,-0.44696150061881545
-0.7635890296836642,-1.0658486570903292,-0.7442942312878363,-0.014249078763868913,-0.034930838546692156
0.8695894566358289,-0.1949261819779972,-0.7442942312878363,-0.7875678480218135,-0.8833572644655014
-0.37364622880951015,0.4813743436830224,0.7442942312878363,-0.014249078763868913,-0.14860648201873528
0.7750108326713767,0.4518491548038932,0.7442942312878363,1.3588038966735592,1.5410631209282752
2.274973396034423,1.8060185505900426,0.7442942312878363,1.3588038966735592,0.650233043107068
0.5220767780284449,0.518587528443282,-0.7442942312878363,-0.014249078763868913,1.627673775948053
-0.4779546643975066,-1.6300872123192194,-0.7442942312878363,-0.7875678480218135,-0.8833572644655014
2.222607600509658,2.4038344126139433,0.7442942312878363,1.3588038966735592,1.068630258174229
0.727052229161493,-0.3162683954038862,0.7442942312878363,-0.7875678480218135,0.09997771994253103
-0.8096160888934794,-1.2318613095606261,-0.7442942312878363,-0.7875678480218135,-0.20913375349001104
-2.515886114470241,-2.237490027990521,-0.7442942312878363,-1.642943575886056,-1.540161526365891
-0.37364622880951015,0.4813743436830224,0.7442942312878363,0.696890922512419,-0.14860648201873528
0.3254569474528129,-0.49045443485618573,0.7442942312878363,0.696890922512419,-1.1956625798037421
-2.515886114470241,2.7261624282959285,-2.232882693863509,-0.014249078763868913,1.0105169681539032
0.8695894566358289,0.17177649160197234,0.7442942312878363,0.696890922512419,0.8582988619584299
-0.8798231554714843,-0.9647473240292198,-0.7442942312878363,-0.7875678480218135,0.07115834599333415
-0.11946681157164074,0.86145404760502,0.7442942312878363,1.3588038966735592,-0.15681948818894328
2.005590002083766,1.7533552123678868,0.7442942312878363,0.696890922512419,0.714095634133311
-1.1764701517464478,-0.7153194894077634,0.7442942312878363,-1.642943575886056,-0.6480983281639532
0.3210893817206465,-0.029033838369404995,0.7442942312878363,0.696890922512419,1.0530354157719635
1.23535877848254,0.3123038075417556,0.7442942312878363,1.3588038966735592,1.4112130125563624
0.513695630543514,0.518587528443282,0.7442942312878363,0.696890922512419,-0.44696150061881545
0.03238376204677516,0.6577820578669283,-0.7442942312878363,-0.014249078763868913,-0.11588078045827116
0.22839419071520317,0.4833380737943999,0.7442942312878363,-0.014249078763868913,-0.54058868377086
0.5220767780284449,0.937258814590167,0.7442942312878363,0.696890922512419,0.06590229870990312
0.07413865406985522,0.40632213909757936,-0.7442942312878363,-0.014249078763868913,-0.17878333250779913
0.8695894566358289,0.27188377471228375,0.7442942312878363,0.696890922512419,1.3687988505258
-0.7012670477144737,0.26376958481121804,-0.7442942312878363,-0.7875678480218135,1.1085611576187062
-0.6844573826556671,-0.5807265835919933,-0.7442942312878363,-0.7875678480218135,-0.19807696489535767
0.06951899585398408,0.5049013243597232,0.7442942312878363,-0.014249078763868913,-0.26477096091109276
-0.09537730568546697,-0.3722545926756179,0.7442942312878363,0.696890922512419,0.6928818071192459
0.15647083284970112,0.3042397986793559,-0.7442942312878363,-1.642943575886056,0.6430959194924916
-0.8798231554714843,-0.2365667238860922,-0.7442942312878363,-0.7875678480218135,-0.045654178986508025
-1.5045944006909349,-1.2213243630175734,-2.232882693863509,-0.014249078763868913,-0.19807696489535767
-0.2720484939086317,-0.6843353933451456,0.7442942312878363,-0.014249078763868913,0.3429150703272757
-0.1827615875915582,-0.1796571512583252,-0.7442942312878363,-0.7875678480218135,0.89498107609828
0.3254569474528129,0.3764616231516993,-0.7442942312878363,-0.014249078763868913,0.14422502521941827
0.12919742148858057,0.7867091698508563,0.7442942312878363,-0.7875678480218135,-0.6966599347306691
-0.11946681157164074,0.38045081670648007,-0.7442942312878363,-0.014249078763868913,-0.7180621628923303
-0.8798231554714843,-0.2608071363115634,0.7442942312878363,-0.7875678480218135,0.09736395746324301
0.6786302252103067,0.43604892926598615,-0.7442942312878363,-0.014249078763868913,1.5410631209282752
0.7510886254630611,0.12009353681632991,0.7442942312878363,0.696890922512419,1.2095200154011936
1.2644491850869142,0.6577820578669283,0.7442942312878363,1.3588038966735592,1.7737354911784704
1.4604595711470532,1.663689326801812,2.232882693863509,1.9804861536502345,2.532279031699614
0.12919742148858057,0.6386181293503256,-0.7442942312878363,-0.014249078763868913,-0.8454129054896236
0.3254569474528129,-0.5504764872483603,-0.7442942312878363,-0.7875678480218135,0.15975847849199368
0.8225190907331511,1.530645618623538,0.7442942312878363,1.3588038966735592,-0.15134273775117013
-0.29216119777503546,-1.7314872805283978,-0.7442942312878363,-0.7875678480218135,-0.7334088567960338
0.33417968864035424,-0.17530164170051377,0.7442942312878363,0.696890922512419,0.8995514654616449
-2.515886114470241,-1.458507431669056,-0.7442942312878363,-0.7875678480218135,-0.44696150061881545
-2.515886114470241,0.49510841582009674,-2.232882693863509,-0.7875678480218135,-0.6966599347306691
1.5852140584108325,1.6653590584954867,0.7442942312878363,1.3588038966735592,0.5736681690684808
0.39478361348786983,0.2087314124041915,0.7442942312878363,0.696890922512419,1.302530855671645
0.2903996736923379,1.7467478532629988,-0.7442942312878363,-0.7875678480218135,-0.19255728132017091
-0.8916655721954303,-0.8655504824746809,-0.7442942312878363,-1.642943575886056,-1.473980851852275
-0.07620498427347164,-0.035414024930344665,-0.7442942312878363,-0.014249078763868913,-0.473116314488004
0.12919742148858057,-0.28958238698665323,-0.7442942312878363,0.696890922512419,0.7093877587766779
1.8270880547589143,0.5302965128320684,2.232882693863509,1.3588038966735592,1.6399604250750968
0.9854263267965689,0.4043356183176255,0.7442942312878363,0.696890922512419,1.5077852283851347
1.239003457933049,0.18822716325812616,0.7442942312878363,1.3588038966735592,1.2810150259031414
-0.2123063615782806,-0.5970823641040609,-0.7442942312878363,-0.014249078763868913,0.45696211931079694
-0.8916655721954303,-0.9948727736520773,-0.7442942312878363,-0.7875678480218135,0.0395466521845213
-0.17296050776313007,-1.502909601087239,0.7442942312878363,-0.014249078763868913,-0.4935542586246457
0.13830724556527785,0.7320174761846464,-0.7442942312878363,0.696890922512419,0.4348223177474704
-0.2720484939086317,0.019664594903263,-2.232882693863509,-0.014249078763868913,-1.0383929854889182
-0.07620498427347164,-0.37450517171228015,-2.232882693863509,-0.7875678480218135,0.31027555601622503
0.3123418011181758,-0.9149175522338984,-0.7442942312878363,-0.014249078763868913,-1.470336372123188
0.12919742148858057,-0.078117654875507,0.7442942312878363,0.696890922512419,1.0015300408220882
-1.1764701517464478,1.3710414700252345,0.7442942312878363,-0.7875678480218135,-0.8833572644655014
-0.07620498427347164,-0.23216989881791752,-0.7442942312878363,-0.7875678480218135,-0.7426408602801554
0.5304433368857928,-0.9948727736520773,0.7442942312878363,-0.7875678480218135,0.0395466521845213
0.3254569474528129,-0.014172197547270789,-2.232882693863509,-0.7875678480218135,1.068630258174229
0.7069334812322617,2.470753472145889,-0.7442942312878363,-0.014249078763868913,0.7586425646591808
-1.1378595098915016,-2.832948249301812,-2.232882693863509,-3.0142560038231623,-2.5261863576400514
-0.7407996745017607,0.2169148570151143,-2.232882693863509,-0.014249078763868913,-0.14313819861001179
0.9316892522830051,2.067500016766425,0.7442942312878363,1.3588038966735592,0.5083020371884438
0.20155806473072665,0.38443760495849016,0.7442942312878363,1.3588038966735592,1.48690554314932
-2.515886114470241,-0.06955325373217461,-2.232882693863509,-1.642943575886056,1.0105169681539032
-0.5960994477707116,-0.9025329108410013,-0.7442942312878363,-0.7875678480218135,-0.17328380960843054
0.11092113151649795,-0.5527976969106168,0.7442942312878363,0.696890922512419,-1.281730270896381
-0.9879360633328153,-1.6015236252596714,0.7442942312878363,-0.014249078763868913,-0.5970334224685115
-2.515886114470241,-0.04393117379963819,-0.7442942312878363,-1.642943575886056,-0.8328339974799404
-2.515886114470241,-0.06955325373217461,-0.7442942312878363,-1.642943575886056,1.0105169681539032
0.6907799077061664,0.16765721591669605,0.7442942312878363,0.696890922512419,-0.7704460189483299
1.8893358781962275,1.3362782409522866,0.7442942312878363,0.696890922512419,0.09997771994253103
0.8225190907331511,-0.9948727736520773,-0.7442942312878363,-1.642943575886056,0.10259025328337021
0.916233820088507,-0.7296786914007548,-0.7442942312878363,-0.7875678480218135,0.3178241296325991
1.5266359744764744,1.232783510811389,0.7442942312878363,1.3588038966735592,2.369687427505959
-0.7635890296836642,-0.9547437260805272,-0.7442942312878363,-0.7875678480218135,0.08165547314992273
-2.515886114470241,0.7035594316046263,-0.7442942312878363,-0.014249078763868913,-0.3097138255439911
0.48424561717618714,0.502943881859346,0.7442942312878363,0.696890922512419,-0.45856896146363696
-0.07620498427347164,0.334428766241722,-0.7442942312878363,-0.014249078763868913,0.10520155921816193
1.530098080009902,0.2189590960125688,2.232882693863509,1.3588038966735592,1.302530855671645
1.7341810830774296,0.37247001993539913,0.7442942312878363,0.696890922512419,1.4743475352816517
-0.7635890296836642,-1.5929888470058988,-0.7442942312878363,-0.7875678480218135,-0.5880775794765564
-0.6732944093058439,0.019664594903263,-0.7442942312878363,0.696890922512419,-1.111299706026801
0.42051776497890325,-0.32295872949909243,0.7442942312878363,1.3588038966735592,0.7446096900981304
0.37754859632070525,0.4241741454377849,0.7442942312878363,-0.014249078763868913,-0.40079819644341086
-0.342891930168744,-1.213436172561862,-0.7442942312878363,-0.7875678480218135,-0.18979960922056155
0.5304433368857928,-1.4751096714211533,-0.7442942312878363,-0.7875678480218135,-0.46438281469558823
1.3615228475508343,2.1998911107612398,2.232882693863509,0.696890922512419,0.60249339613709
0.6988632396901828,0.7885874907913029,2.232882693863509,1.9804861536502345,1.9109942324055935
-0.7635890296836642,0.4241741454377849,-0.7442942312878363,-0.014249078763868913,-0.5170154768821759
0.1835777690786622,0.4911872582066378,-0.7442942312878363,0.696890922512419,-0.1213211214957173
-0.7407996745017607,-0.44242936732556304,-0.7442942312878363,-0.7875678480218135,-0.8833572644655014
-0.1098143285536932,-0.46524856347075805,-0.7442942312878363,-0.014249078763868913,0.5952999629428464
-0.9274434656515438,-0.9372829115456728,-0.7442942312878363,-0.7875678480218135,0.08165547314992273
1.810601389433097,-0.5226955860719648,-0.7442942312878363,-0.014249078763868913,-0.3097138255439911
0.250636325642187,-0.2940217260534873,0.7442942312878363,-0.014249078763868913,0.9314526190295203
-1.447270570873029,-0.7705681278316371,-0.7442942312878363,-0.7875678480218135,-1.0252661181045235
0.3298203791871867,-0.21680632180657586,0.7442942312878363,0.696890922512419,0.855999144896442
0.735077150037414,-0.3453147618698245,0.7442942312878363,0.696890922512419,0.7211507190643079
-2.515886114470241,1.6536635116778804,-0.7442942312878363,1.3588038966735592,-0.9991283809814502
-0.3225216874390325,1.1278334992893415,0.7442942312878363,-0.014249078763868913,-0.08876179779061015
0.7190144374975277,0.7339105452354262,0.7442942312878363,0.696890922512419,-0.22021389335297098
0.10175442961098476,0.06589333647670574,0.7442942312878363,0.696890922512419,1.1526458389503131
-0.8798231554714843,-1.3627892075786656,0.7442942312878363,-0.7875678480218135,-0.44696150061881545
-0.07620498427347164,-0.5644180062049808,-0.7442942312878363,-0.014249078763868913,-0.8359755133880021
-1.447270570873029,-1.458507431669056,-0.7442942312878363,-2.6138386457462266,-0.44696150061881545
-1.7468056588919223,-0.4950492194766803,-0.7442942312878363,-0.7875678480218135,-0.3097138255439911
0.3428859872935789,0.1325357239318432,0.7442942312878363,0.696890922512419,1.2225760399363141
-1.3359643855833994,-0.0995809893442849,0.7442942312878363,0.696890922512419,-0.3097138255439911
0.916233820088507,1.9764471598573907,-0.7442942312878363,-0.014249078763868913,-1.3236795149820553
-0.09057600858846104,0.06589333647670574,0.7442942312878363,0.696890922512419,0.7959095655165903
-0.7407996745017607,-0.6064498760425573,-0.7442942312878363,-0.014249078763868913,0.4471324595760103
0.22839419071520317,1.5408301178873227,-0.7442942312878363,-0.014249078763868913,0.4814650682358039
0.37322987724258466,-0.9397737862951289,-0.7442942312878363,-0.014249078763868913,0.01040866494098333
-0.7407996745017607,-0.6205304663926657,-0.7442942312878363,-0.014249078763868913,0.43235720090378027
-0.019205060444196755,0.0006540040209181262,2.232882693863509,-0.7875678480218135,1.0037779448634163
1.1582567573293605,1.5966080241731473,2.232882693863509,1.9804861536502345,0.38532231041733445
-2.515886114470241,-0.6440769673859942,-0.7442942312878363,-0.7875678480218135,-1.08464746572435
-1.4120240383668505,-2.2013431656920126,-0.7442942312878363,-0.7875678480218135,-1.22644516204644
-0.07620498427347164,-0.32295872949909243,-0.7442942312878363,-0.014249078763868913,0.1649267562549324
0.5304433368857928,0.3284020869867891,-0.7442942312878363,-0.7875678480218135,1.428105503358524
-0.815412409123929,-0.8557314689272569,-0.7442942312878363,-0.7875678480218135,0.1855525168665347
-0.9274434656515438,-1.226590063406126,-0.7442942312878363,-0.7875678480218135,-0.203602449509057
0.2595026957356563,1.09551559072637,-0.7442942312878363,0.696890922512419,2.419618706144437
-0.023925928063933892,-0.7681543956604581,0.7442942312878363,-1.642943575886056,0.27745021995281355
1.2207559316647103,0.9757768889356572,2.232882693863509,1.3588038966735592,0.15717255498356345
1.5852140584108325,0.4892258215035689,2.232882693863509,1.3588038966735592,1.5968635041976835
0.018375424158141168,0.3924039829236378,-0.7442942312878363,-0.014249078763868913,-0.19531639911973797
0.5304433368857928,0.9958710989239645,0.7442942312878363,-1.642943575886056,0.2520715015335581
1.693921843741121,-1.010000674661073,-0.7442942312878363,-0.014249078763868913,-0.034930838546692156
0.916233820088507,0.15734740720035664,2.232882693863509,0.696890922512419,-0.19807696489535767
1.6262137770537228,0.9611276587756938,0.7442942312878363,0.696890922512419,0.8995514654616449
0.48002361257241855,0.05751338567890462,0.7442942312878363,-0.014249078763868913,-0.7890748326978522
2.043866811643431,0.2066839260034184,-0.7442942312878363,-0.7875678480218135,1.3003823561807082
-2.515886114470241,-1.0454707150844567,-0.7442942312878363,-0.7875678480218135,-0.6966599347306691
0.37322987724258466,0.5302965128320684,0.7442942312878363,-0.7875678480218135,-2.5261863576400514
0.37322987724258466,-0.6205304663926657,-0.7442942312878363,-0.014249078763868913,-1.0946229674847532
0.055630518224649865,0.6078441559273163,-0.7442942312878363,0.696890922512419,-0.19807696489535767
0.12919742148858057,0.3284020869867891,0.7442942312878363,-0.014249078763868913,-0.6360343799757552
-0.05236171888647679,-0.041800787878477595,0.7442942312878363,0.696890922512419,1.0396386066353072
0.5304433368857928,0.5846724990769484,0.7442942312878363,0.696890922512419,-1.295666349372708
-1.3359643855833994,0.2799878534615023,0.7442942312878363,-0.014249078763868913,-0.13221848323635657
-0.8798231554714843,-1.458507431669056,0.7442942312878363,-0.014249078763868913,-0.44696150061881545
0.48002361257241855,-0.4858633245954075,-0.7442942312878363,-0.014249078763868913,1.364542926836025
-0.7807783200787775,-0.49964768729303427,0.7442942312878363,-0.7875678480218135,0.5592037524904
0.471568359662021,0.3943940808749217,0.7442942312878363,0.696890922512419,-0.5970334224685115
0.9816061494372065,0.9776059496902398,0.7442942312878363,0.696890922512419,0.22913378398939213
-0.07620498427347164,-1.1767873757238743,-0.7442942312878363,-0.7875678480218135,-0.15134273775117013
-0.5204873175930284,-1.3277125446146882,-0.7442942312878363,-0.7875678480218135,-0.3097138255439911
0.2727699074542441,-0.3857710635170794,-0.7442942312878363,-1.642943575886056,-2.5261863576400514
-0.5365614992078426,1.7285493366112523,-0.7442942312878363,0.696890922512419,0.01837077081810596
2.1947131938125883,0.9446115300746881,0.7442942312878363,1.3588038966735592,0.14940762618755332
0.735077150037414,-0.10818738784398721,0.7442942312878363,0.696890922512419,0.9699768124582822
-2.515886114470241,-0.25418636573698383,-0.7442942312878363,-0.7875678480218135,-1.131396688506663
1.0386209522602041,1.9748407239758108,-0.7442942312878363,0.696890922512419,-0.8897119817238586
0.3254569474528129,0.06170475587700291,0.7442942312878363,1.3588038966735592,1.117401747860498
1.2969946655237838,0.9059252728905679,2.232882693863509,1.3588038966735592,2.0341208939613034
0.3254569474528129,0.3924039829236378,-0.7442942312878363,0.696890922512419,-0.54058868377086
1.6669310535634856,1.0811062306862012,0.7442942312878363,1.3588038966735592,1.9090232441817687
0.11092113151649795,-0.5250054956597061,-0.7442942312878363,-0.7875678480218135,0.5325949123308305
1.7006505228450346,0.26376958481121804,0.7442942312878363,1.3588038966735592,1.2874769834063302
0.06951899585398408,0.8670281867333209,0.7442942312878363,1.3588038966735592,-0.7058205095144341
0.9393998210154438,0.9335796274281263,0.7442942312878363,0.696890922512419,-0.09146752638431288
0.027719372343292074,-0.5388846359563656,-0.7442942312878363,-0.014249078763868913,-1.419659197072943
1.169338067216935,0.7035594316046263,0.7442942312878363,0.696890922512419,1.4512652188503905
0.3254569474528129,-0.6629858538686059,-0.7442942312878363,-0.014249078763868913,-0.5880775794765564
-0.07142553621002555,1.269784287188705,0.7442942312878363,-0.014249078763868913,-0.5052709688688933
0.9470990255897354,0.23936596759942472,-0.7442942312878363,-1.642943575886056,-2.5261863576400514
-2.515886114470241,-1.5449186713897016,-0.7442942312878363,-0.7875678480218135,-0.5376358535624601
-1.0247704214904902,-1.1300543368361926,-0.7442942312878363,-0.014249078763868913,-1.7107266141614517
0.9701289535252249,0.13874770454435884,0.7442942312878363,-0.7875678480218135,-1.111299706026801
0.6379147065859463,-0.8215052587140012,0.7442942312878363,-0.7875678480218135,0.18812543679012086
-0.6956550777915695,0.5962681571289234,-0.7442942312878363,0.696890922512419,-0.40079819644341086
-0.07620498427347164,-0.0035784520886367856,-0.7442942312878363,-0.014249078763868913,-0.8548696564053049
-0.37364622880951015,0.20463578826287873,-0.7442942312878363,-0.014249078763868913,-0.6390475342198367
1.4464303262279479,-1.5929888470058988,-0.7442942312878363,-0.7875678480218135,-0.5880775794765564
-0.2720484939086317,-0.3318909767361044,0.7442942312878363,0.696890922512419,-1.0780097600680716
-0.7635890296836642,-0.314039964922477,-0.7442942312878363,-0.7875678480218135,0.8051916547975326
1.530098080009902,2.7261624282959285,2.232882693863509,2.568487851943928,0.2137904148303262
-0.06665150395696881,0.7320174761846464,-0.7442942312878363,-0.014249078763868913,-0.7704460189483299
1.6669310535634856,2.322532313016278,0.7442942312878363,2.568487851943928,0.5374416707403379
-1.5928682203138658,0.08470757660794075,-0.7442942312878363,-0.7875678480218135,-0.23409713240128094
1.5058198707254837,1.2574710069215598,0.7442942312878363,0.696890922512419,0.2061031373459328
0.21946658189579943,0.518587528443282,-0.7442942312878363,-0.7875678480218135,1.627673775948053
-0.24704850653042143,-0.2940217260534873,-0.7442942312878363,-0.014249078763868913,0.5374416707403379
1.5714836964338588,1.8436581894934205,0.7442942312878363,1.3588038966735592,0.30523767853327516
0.3472329996520568,1.4880655798361175,0.7442942312878363,0.696890922512419,0.7023191970625101
-0.07620498427347164,-0.9647473240292198,-0.7442942312878363,-0.014249078763868913,-0.04028985447246032
-0.44112468307548125,-1.7344180197633454,-0.7442942312878363,0.696890922512419,-0.8738417144061136
-0.9274434656515438,-1.3600820360095256,-0.7442942312878363,-0.7875678480218135,-0.39505739286033315
0.6907799077061664,-0.0652755137898717,-0.7442942312878363,-0.014249078763868913,1.0150057511245383
-0.8096160888934794,-0.1709492622262424,-0.7442942312878363,-0.7875678480218135,-0.5880775794765564
-0.2720484939086317,-0.1687742441636727,0.7442942312878363,-0.7875678480218135,-2.116499041173946
0.7390848032090946,0.1697171851039296,0.7442942312878363,1.3588038966735592,1.2615918548254121
0.07413865406985522,0.09096654872174019,-0.7442942312878363,-0.014249078763868913,1.1789560423901322
0.3428859872935789,1.0648616868270255,0.7442942312878363,0.696890922512419,-0.8580262293092505
0.42479311834886985,1.0847112312153326,0.7442942312878363,-0.014249078763868913,-0.4935542586246457
-0.9515087521438639,-1.1274706027826646,-0.7442942312878363,-0.7875678480218135,-0.41229940799179354
1.1062427984339238,0.20463578826287873,0.7442942312878363,1.3588038966735592,1.2982331732160468
0.22839419071520317,0.3764616231516993,-0.7442942312878363,-0.7875678480218135,1.4785360649221926
-0.12430145143246024,-0.4469860052068086,0.7442942312878363,1.3588038966735592,0.5832918660015293
-0.9274434656515438,-0.3722545926756179,-0.7442942312878363,-0.7875678480218135,-1.1786568772867827
1.853374609198601,0.953791843958121,0.7442942312878363,0.696890922512419,0.002434944011231831
-0.2570298793807352,-0.3812621034676632,0.7442942312878363,-0.014249078763868913,0.68342990924876
-0.41503217051511343,0.7301238923631911,-0.7442942312878363,-0.7875678480218135,-0.8454129054896236
1.6466073560720333,0.6424551891455924,2.232882693863509,1.9804861536502345,1.7576524687793915
1.239003457933049,0.5536538653260666,2.232882693863509,1.9804861536502345,1.66447011653094
1.098771207253023,-0.12111971381210378,-0.7442942312878363,-0.7875678480218135,-0.41229940799179354
0.5304433368857928,1.3970099335541157,-0.7442942312878363,0.696890922512419,2.063139580788084
-1.46149240016496,-0.20804472855818654,-0.7442942312878363,-0.014249078763868913,-0.6966599347306691
1.7608716296674236,0.4970681377303665,0.7442942312878363,1.3588038966735592,1.5886246723821584
-0.08578020183085924,-0.4950492194766803,0.7442942312878363,0.696890922512419,0.5640290864993559
0.9316892522830051,0.24343962419809348,0.7442942312878363,1.3588038966735592,-0.7334088567960338
0.11092113151649795,-1.1793963304900545,-0.7442942312878363,-0.7875678480218135,-0.15408040574491044
-0.37364622880951015,2.7261624282959285,-0.7442942312878363,1.3588038966735592,-0.1623019052121619
0.21946658189579943,-1.7432217193224306,-0.7442942312878363,-0.7875678480218135,-1.0121780304939392
-0.17296050776313007,0.3924039829236378,-0.7442942312878363,-0.014249078763868913,-0.05639881708696592
-1.1764701517464478,-0.1796571512583252,-0.7442942312878363,0.696890922512419,-1.107959240776389
-0.19258614316118464,0.7320174761846464,0.7442942312878363,-0.014249078763868913,1.0930614068736646
-0.33269368358210083,-0.005695759117827906,-0.7442942312878363,-0.014249078763868913,-0.6541416690747548
0.7869296206374867,0.6520384812484072,0.7442942312878363,0.696890922512419,-0.23409713240128094
0.44611192703642616,1.1920472547395757,0.7442942312878363,1.3588038966735592,0.4961184163747064
0.10175442961098476,-0.2652250649683808,-0.7442942312878363,-0.014249078763868913,0.10259025328337021
-0.2720484939086317,-0.6867126385818576,0.7442942312878363,0.696890922512419,-0.4702034479382203
-1.1764701517464478,0.8540150408954776,-0.7442942312878363,-0.7875678480218135,0.4667754642239068
-2.515886114470241,-1.8743857670376816,-0.7442942312878363,-1.642943575886056,-0.8833572644655014
-1.1378595098915016,-0.9522457883442265,0.7442942312878363,-0.7875678480218135,0.08427664706971394
0.1880796195072332,-0.5667449284514061,0.7442942312878363,0.696890922512419,0.417544771593267
0.4290645938449052,0.9114647088593143,-0.7442942312878363,1.3588038966735592,-0.54058868377086
-0.8798231554714843,-0.5667449284514061,-0.7442942312878363,-0.014249078763868913,-1.1922560126520032
-1.0247704214904902,-1.3116076593778472,-0.7442942312878363,-0.014249078763868913,-0.29281440305215867
0.8539472442208857,1.8941140160291052,2.232882693863509,1.9804861536502345,0.2520715015335581
-0.1146377770960247,1.0140902052124088,-0.7442942312878363,-0.014249078763868913,-0.4760308849671806
1.4814394360455732,0.49902728904170507,0.7442942312878363,1.3588038966735592,1.580376193212671
0.58034053470143,-0.6511602915069125,-0.7442942312878363,-1.642943575886056,0.292623667774856
0.2550716753316065,0.49510841582009674,0.7442942312878363,0.696890922512419,-0.40079819644341086
1.2317116909179624,-0.36326090771123265,-0.7442942312878363,-0.7875678480218135,-0.08876179779061015
-0.17296050776313007,0.17589311908605265,0.7442942312878363,0.696890922512419,0.8605977416938961
0.9624635422940029,-1.4751096714211533,-0.7442942312878363,-1.642943575886056,-0.46438281469558823
0.727052229161493,-1.7314872805283978,-0.7442942312878363,-0.7875678480218135,-0.7334088567960338
1.0006794237451193,2.1166030779943124,2.232882693863509,1.9804861536502345,2.4508951469691285
0.3254569474528129,-1.7934391983097968,-0.7442942312878363,-1.642943575886056,-1.281730270896381
-0.08098986662082308,-0.6582526179570355,0.7442942312878363,-0.7875678480218135,0.38780726965874995
-0.17296050776313007,1.4931875769571834,0.7442942312878363,1.3588038966735592,0.30019539152702046
0.3210893817206465,0.502943881859346,0.7442942312878363,0.696890922512419,1.6112583473965918
-1.1764701517464478,-0.6064498760425573,-0.7442942312878363,-0.7875678480218135,-0.7334088567960338
1.4323666535586435,0.18000710346980628,-0.7442942312878363,-0.7875678480218135,1.2723894280657122
0.2903996736923379,2.348694266085064,-0.7442942312878363,-0.014249078763868913,1.1658140086907507
0.6133229340012969,-0.7392723485808566,-0.7442942312878363,-0.7875678480218135,0.30775716774221146
0.9316892522830051,-0.19711062594910125,0.7442942312878363,-0.014249078763868913,0.3504212083469678
-0.3531166314842814,-0.22777629368884098,-0.7442942312878363,-0.7875678480218135,-0.45566456995958265
-0.07620498427347164,-0.3722545926756179,-0.7442942312878363,-0.7875678480218135,-1.1786568772867827
0.58034053470143,0.6386181293503256,0.7442942312878363,0.696890922512419,-0.4209425586698062
1.34009570954891,0.5146800175937513,2.232882693863509,0.696890922512419,1.623573487385513
0.9084888545582367,0.2657990822777971,0.7442942312878363,1.3588038966735592,1.3196943245264858
-0.37364622880951015,0.4813743436830224,0.7442942312878363,0.696890922512419,-0.14860648201873528
1.2644491850869142,0.7301238923631911,2.232882693863509,1.9804861536502345,1.8496463223956927
0.12919742148858057,0.37845652086404935,-0.7442942312878363,-0.014249078763868913,1.4806293812528097
1.6330194458883085,2.7261624282959285,0.7442942312878363,0.696890922512419,1.0775248831366893
0.12006875593665398,0.3684760026856486,0.7442942312878363,1.3588038966735592,1.3602843456845366
-1.1764701517464478,0.2087314124041915,0.7442942312878363,-1.642943575886056,-0.38932309444339025
0.5178880326350791,0.18206310608860882,0.7442942312878363,0.696890922512419,1.2745468639237447
0.16552482487969294,0.6959508760170839,0.7442942312878363,0.696890922512419,-0.44696150061881545
0.727052229161493,-1.1741797668206229,-0.7442942312878363,-0.7875678480218135,-0.14860648201873528
-2.515886114470241,-0.2784985226415276,-0.7442942312878363,-1.642943575886056,-1.473980851852275
0.11092113151649795,-1.0863073047645422,-0.7442942312878363,-0.014249078763868913,-0.05639881708696592
0.9393998210154438,1.2044688695154104,0.7442942312878363,0.696890922512419,0.14422502521941827
1.693921843741121,1.030448320585035,0.7442942312878363,1.3588038966735592,2.1647873074136355
-0.07620498427347164,-0.03115983776693985,-0.7442942312878363,-0.014249078763868913,-0.8548696564053049
-0.8798231554714843,-1.3546722010694623,-0.7442942312878363,-0.7875678480218135,-0.41229940799179354
0.12919742148858057,-0.24757292038090745,0.7442942312878363,0.696890922512419,0.8237146709434795
-2.515886114470241,0.3924039829236378,-0.7442942312878363,-0.7875678480218135,-2.5261863576400514
0.513695630543514,-1.458507431669056,-0.7442942312878363,-0.7875678480218135,-0.44696150061881545
-1.0247704214904902,-1.1300543368361926,0.7442942312878363,-0.014249078763868913,-1.7107266141614517
-1.0247704214904902,-1.0991353715789356,0.7442942312878363,-0.7875678480218135,-0.06985975876160617
0.36890715006992325,0.3143182575528425,0.7442942312878363,1.3588038966735592,1.302530855671645
-1.1764701517464478,-1.0760678327587447,0.7442942312878363,-0.7875678480218135,-0.045654178986508025
0.7069334812322617,2.1339574650014583,0.7442942312878363,-0.014249078763868913,0.07640939940422815
-2.515886114470241,-1.3277125446146882,-0.7442942312878363,-1.642943575886056,-2.5261863576400514
0.1428551284053469,0.023881324889246738,-0.7442942312878363,-0.7875678480218135,1.1085611576187062
0.22839419071520317,0.4813743436830224,0.7442942312878363,1.9804861536502345,1.5659180384337223
0.17456043311262,-0.1254365756611714,0.7442942312878363,0.696890922512419,0.9518766330234893
0.42051776497890325,1.2398454049256389,-0.7442942312878363,-0.014249078763868913,0.45941698187934815
-0.9274434656515438,-0.49045443485618573,-2.232882693863509,-0.7875678480218135,-0.9926178651050372
0.5262618762752933,0.9976950757346803,0.7442942312878363,0.696890922512419,-0.6149948174067515
1.6364193468259591,1.0340784558875078,-0.7442942312878363,-0.7875678480218135,-0.06447134884602251
-0.3225216874390325,1.500011628177892,0.7442942312878363,-0.014249078763868913,-0.04028985447246032
-1.0247704214904902,-0.3722545926756179,-0.7442942312878363,-0.7875678480218135,-1.1786568772867827
2.43476428474282,-1.3763477070030465,-0.7442942312878363,-2.6138386457462266,-0.36074841194884105
1.5989123774050118,0.32438122299550665,2.232882693863509,1.3588038966735592,1.4069833927310744
-0.07620498427347164,-0.1861962993021404,-0.7442942312878363,-0.014249078763868913,-1.0383929854889182
0.004321331942487808,0.06589333647670574,0.7442942312878363,0.696890922512419,0.7959095655165903
-0.07142553621002555,0.17383513604997367,-0.7442942312878363,-0.014249078763868913,-0.8611849709346123
-0.7635890296836642,-0.4469860052068086,-0.7442942312878363,-0.7875678480218135,0.6144635076279203
-2.515886114470241,-1.7726929190329186,-0.7442942312878363,-0.014249078763868913,-1.5699369592182961
-1.0247704214904902,-0.8581845402069499,-0.7442942312878363,-0.014249078763868913,-1.3236795149820553
-0.3787954890006082,0.2739107408432157,-0.7442942312878363,-2.6138386457462266,-0.5170154768821759
0.22839419071520317,0.8744535706517049,0.7442942312878363,1.3588038966735592,-0.32101100777009584
-1.1764701517464478,-1.010000674661073,-0.7442942312878363,-0.7875678480218135,-0.8359755133880021
-0.3225216874390325,0.023881324889246738,0.7442942312878363,-0.014249078763868913,-0.8140295532390012
0.58034053470143,-1.0991353715789356,2.232882693863509,0.696890922512419,-0.22021389335297098
0.6948232139855077,0.3664780874283833,-0.7442942312878363,-0.014249078763868913,1.3730521217226295
-0.00037361087678381647,0.7885874907913029,-0.7442942312878363,-0.7875678480218135,0.1649267562549324
-0.10499644660497215,0.9556264996097305,0.7442942312878363,0.696890922512419,-0.49648084092798334
1.068780562451708,0.6116984707186712,0.7442942312878363,1.3588038966735592,1.6358672406863835
0.5052998178499848,0.05751338567890462,0.7442942312878363,0.696890922512419,1.1438524618532286
1.5749193032675755,1.6837028601150874,0.7442942312878363,1.3588038966735592,0.3429150703272757
-0.8270342013805789,-0.24316801439017333,0.7442942312878363,-0.7875678480218135,-0.6270061989585493
-0.07620498427347164,0.7547004495271443,0.7442942312878363,-0.014249078763868913,-0.5702151468145327
-1.3359643855833994,0.009110304928702056,-0.7442942312878363,0.696890922512419,-0.45566456995958265
-0.019205060444196755,0.5283464238480975,-0.7442942312878363,-2.6138386457462266,-2.5261863576400514
-2.515886114470241,-1.9414713161933463,-0.7442942312878363,-0.7875678480218135,-0.953752490609973
1.2897787577705317,0.7528130153854469,0.7442942312878363,1.9804861536502345,1.8397031839304872
0.3254569474528129,-1.5477326723801579,0.7442942312878363,-0.014249078763868913,-0.54058868377086
-2.515886114470241,-0.1427346283267742,-2.232882693863509,-0.014249078763868913,-2.41219600300349
0.3210893817206465,0.5107702421763646,0.7442942312878363,0.696890922512419,-0.40079819644341086
0.2727699074542441,-0.5319408412273556,-0.7442942312878363,-0.014249078763868913,0.5253174103088689
0.5304433368857928,0.4518491548038932,-0.7442942312878363,-0.014249078763868913,0.4002162481528414
-0.6070280886816101,-0.36775602594324663,-0.7442942312878363,-0.7875678480218135,-2.5261863576400514
1.3042012564057879,0.034410735174488755,0.7442942312878363,1.3588038966735592,1.1196100381529865
0.42051776497890325,0.3864300984544773,0.7442942312878363,0.696890922512419,-0.6390475342198367
0.19257694318482863,-0.3835161489356487,-0.7442942312878363,-0.7875678480218135,0.6810646600638637
-0.31237574006993885,-0.5574429649285326,-0.7442942312878363,-0.7875678480218135,-0.6844731947060863
-0.17296050776313007,-0.005695759117827906,-0.7442942312878363,-0.014249078763868913,-1.0121780304939392
0.4033773604180034,0.6501228904558639,-0.7442942312878363,-0.014249078763868913,-0.6541416690747548
0.17907137820242564,-0.8606387318664852,-0.7442942312878363,-0.014249078763868913,0.18040315327474554
1.5266359744764744,0.7810711884334878,0.7442942312878363,0.696890922512419,-0.08876179779061015
0.37754859632070525,-0.6299371895743173,-0.7442942312878363,-0.7875678480218135,0.2112291476848744
0.5304433368857928,-1.3790639529171558,0.7442942312878363,-0.7875678480218135,-0.5023391929806094
-1.0247704214904902,-1.1300543368361926,-0.7442942312878363,-0.014249078763868913,-1.7107266141614517
0.48846388714299566,-0.014172197547270789,0.7442942312878363,-0.7875678480218135,-0.6480983281639532
0.6745737162586892,0.46564377433725146,-0.7442942312878363,-0.7875678480218135,0.8972666817862398
-1.0247704214904902,-0.7899165279689309,-0.7442942312878363,-1.642943575886056,-0.8454129054896236
0.3254569474528129,-0.47211195213787294,0.7442942312878363,-0.014249078763868913,0.5880979678273579
1.6159905556366612,0.29212509559090205,0.7442942312878363,0.696890922512419,1.3900387804160188
1.3257654866275919,0.16559658340009534,0.7442942312878363,0.696890922512419,1.2572679625349932
-2.515886114470241,-1.5929888470058988,-0.7442942312878363,-0.014249078763868913,-0.5880775794765564
-0.17296050776313007,-0.9948727736520773,-0.7442942312878363,-1.642943575886056,-2.5261863576400514
-0.2620298537088391,-0.0014618646200965876,0.7442942312878363,0.696890922512419,-2.116499041173946
0.37322987724258466,-0.5877303999353709,-0.7442942312878363,-1.642943575886056,-0.6966599347306691
0.48002361257241855,-0.3318909767361044,-0.7442942312878363,-0.7875678480218135,0.3579176547625138
0.735077150037414,-0.3453147618698245,0.7442942312878363,0.696890922512419,0.7211507190643079
1.2969946655237838,0.7111596490415442,0.7442942312878363,1.9804861536502345,1.8177804324460505
0.33417968864035424,0.4281347593223049,-0.7442942312878363,0.696890922512419,0.6976023114072327
1.0537220566431702,0.9280573017322934,2.232882693863509,1.9804861536502345,1.964013001446247
-0.4779546643975066,-1.0251725311082989,-0.7442942312878363,-0.7875678480218135,-0.045654178986508025
1.7741728102744598,0.3042397986793559,2.232882693863509,1.9804861536502345,1.402751164443851
0.064894430933787,0.6788009968766594,2.232882693863509,-0.014249078763868913,0.12604802663137793
1.7341810830774296,1.0666684216783637,2.232882693863509,2.568487851943928,2.1762092894868723
-0.2820922121740598,0.24954530827290075,-0.7442942312878363,-0.014249078763868913,-0.5199559705310215
-0.5960994477707116,-0.969756254857476,-0.7442942312878363,-0.7875678480218135,0.06590229870990312
0.48002361257241855,-1.106847624661186,0.7442942312878363,-0.014249078763868913,-0.2424448227753196
-0.07620498427347164,-0.9223622037449283,-0.7442942312878363,-0.014249078763868913,0.11563454340285294
-0.12430145143246024,-0.7850729841791634,-0.7442942312878363,-0.7875678480218135,0.2596969499891742
0.9316892522830051,0.8874293564115507,0.7442942312878363,1.9804861536502345,2.0147124782938923
0.21052124192405153,-0.23876634611188052,-0.7442942312878363,-0.014249078763868913,-1.2436438057281856
-0.8096160888934794,-0.7248881304522096,-0.7442942312878363,-0.7875678480218135,0.3228510337211264
2.122875794590239,2.3946688646807206,2.232882693863509,1.9804861536502345,1.6399604250750968
0.42051776497890325,-0.49734799243173283,0.7442942312878363,1.3588038966735592,0.5616169031892033
0.3298203791871867,0.2128244336695077,0.7442942312878363,-0.014249078763868913,1.3068258068379162
-0.07620498427347164,0.05960941982613437,-0.7442942312878363,0.696890922512419,-0.8077783119293382
0.916233820088507,-1.0837455273622545,-2.232882693863509,-1.642943575886056,-0.053710653960397675
-0.4358920285559165,-0.969756254857476,-0.7442942312878363,-0.7875678480218135,0.06590229870990312
0.2550716753316065,0.7622450924902008,-0.7442942312878363,-0.014249078763868913,-1.540161526365891
0.6338246166778083,-0.1254365756611714,-0.7442942312878363,-0.014249078763868913,0.4076490292751902
-1.0247704214904902,-1.5929888470058988,-0.7442942312878363,-0.7875678480218135,-0.5880775794765564
-0.5743387386177337,0.8707418490774372,-0.7442942312878363,-0.014249078763868913,-0.3550526855080131
0.5304433368857928,-1.1455843045638296,-0.7442942312878363,-0.014249078763868913,-0.11860025776316956
0.3254569474528129,-0.7440754667272854,-0.7442942312878363,-0.7875678480218135,0.3027170869443051
0.21052124192405153,-0.45611006592277514,0.7442942312878363,-0.7875678480218135,0.49367869807639464
0.8695894566358289,-1.458507431669056,0.7442942312878363,-1.642943575886056,-0.44696150061881545
-0.9274434656515438,-0.035414024930344665,-0.7442942312878363,-0.7875678480218135,-0.6060058044556242
-0.2820922121740598,-0.1254365756611714,0.7442942312878363,0.696890922512419,0.8628957850167881
-0.7635890296836642,-0.6464370772826606,-0.7442942312878363,-2.6138386457462266,-1.1146427418556921
-0.10499644660497215,0.16559658340009534,-0.7442942312878363,-0.014249078763868913,-0.9056376045068145
0.3210893817206465,-0.08240432850170264,0.7442942312878363,0.696890922512419,1.0418733263742037
0.46309804838473856,0.9592944066604716,0.7442942312878363,-0.014249078763868913,-0.624000554146279
-1.4120240383668505,1.4021930256470445,-2.232882693863509,-0.014249078763868913,-0.045654178986508025
1.5886416334219402,0.44197839760337926,0.7442942312878363,1.3588038966735592,1.291781516947625
0.2727699074542441,1.4246125450618814,-0.7442942312878363,0.696890922512419,2.532279031699614
-1.3359643855833994,-0.2696462673787936,-0.7442942312878363,-0.7875678480218135,-0.38932309444339025
1.414738260367066,2.7261624282959285,0.7442942312878363,2.568487851943928,2.030243236431781
0.6215338879330782,0.3864300984544773,0.7442942312878363,0.696890922512419,1.4638651186660507
-1.0247704214904902,-1.298227081939067,-0.7442942312878363,-0.7875678480218135,-0.41229940799179354
1.6194002630599291,0.4833380737943999,0.7442942312878363,1.3588038966735592,1.5906852834529028
-0.07620498427347164,0.08261987386538079,0.7442942312878363,-0.014249078763868913,-0.7704460189483299
0.046346789591521546,1.0666684216783637,0.7442942312878363,1.3588038966735592,0.2673122379403052
-0.7238033756816344,0.7452581728133351,-0.7442942312878363,-0.014249078763868913,0.0395466521845213
0.2903996736923379,0.34446095798167076,0.7442942312878363,-0.014249078763868913,-0.6420625746330131
0.3123418011181758,1.2574710069215598,0.7442942312878363,0.696890922512419,0.5034315780996265
0.6092122907409216,0.34446095798167076,0.7442942312878363,0.696890922512419,-0.6420625746330131
0.7149906957245808,0.35848036935453886,0.7442942312878363,-0.7875678480218135,0.9880261483911066
1.530098080009902,0.04492248159036582,0.7442942312878363,0.696890922512419,1.1306403833678997
-0.488543149396378,-0.8020442906950639,-0.7442942312878363,-0.014249078763868913,0.1855525168665347
0.064894430933787,0.27188377471228375,-0.7442942312878363,-0.014249078763868913,-0.2703675158121094
-0.3225216874390325,-0.035414024930344665,0.7442942312878363,-0.014249078763868913,-0.8580262293092505
0.33417968864035424,-0.608794192469618,0.7442942312878363,-0.014249078763868913,0.4446724858989043
0.5304433368857928,-0.10818738784398721,0.7442942312878363,-0.014249078763868913,0.9699768124582822
0.8225190907331511,1.0159095968553171,0.7442942312878363,1.3588038966735592,0.07378449604330876
1.5646064288300254,1.1671414624834602,2.232882693863509,2.568487851943928,2.3082242287394172
0.018375424158141168,0.35848036935453886,-0.7442942312878363,-0.014249078763868913,-0.19531639911973797
1.6125788767139557,2.0865420385457787,-0.7442942312878363,-0.014249078763868913,0.8513971951287854
0.916233820088507,0.868885260691894,-0.7442942312878363,-0.014249078763868913,-1.7146052765259858
-2.515886114470241,-0.8557314689272569,-0.7442942312878363,-0.014249078763868913,-1.3802834848819134
0.21946658189579943,-0.8141992032046299,-0.7442942312878363,-0.014249078763868913,0.30523767853327516
-0.12430145143246024,0.12009353681632991,0.7442942312878363,0.696890922512419,1.2095200154011936
0.21946658189579943,-0.9973910542135783,-0.7442942312878363,-0.7875678480218135,0.03690413182278521
-0.023925928063933892,0.6424551891455924,-0.7442942312878363,-0.014249078763868913,-0.2424448227753196
0.7430892617573533,1.9184159870914967,0.7442942312878363,0.696890922512419,0.47167604395072754
-0.8798231554714843,-1.3277125446146882,-0.7442942312878363,-0.7875678480218135,-0.3097138255439911
0.48002361257241855,-1.0150530572895744,-0.7442942312878363,-0.014249078763868913,0.01837077081810596
-1.1764701517464478,0.6959508760170839,-0.7442942312878363,0.696890922512419,0.002434944011231831
0.5304433368857928,-0.8117660399580944,0.7442942312878363,-0.014249078763868913,0.23168698775893773
1.5370161142566385,1.5493070175780113,2.232882693863509,2.568487851943928,1.6153657772520666
-0.3531166314842814,-0.9948727736520773,-0.7442942312878363,-0.7875678480218135,0.0395466521845213
1.7508765069135135,1.4931875769571834,0.7442942312878363,1.3588038966735592,0.07903305784989861
0.12919742148858057,-0.12111971381210378,0.7442942312878363,0.696890922512419,-0.9602067184905151
1.098771207253023,-1.458507431669056,0.7442942312878363,-0.7875678480218135,-0.44696150061881545
-0.4568655668224744,0.0993022193780406,-0.7442942312878363,-0.014249078763868913,0.3379055754892252
0.3298203791871867,0.3904132868962957,0.7442942312878363,-1.642943575886056,0.8375711544206378
0.4033773604180034,0.6174758760272846,0.7442942312878363,0.696890922512419,-0.44116784614092963
-0.005073704488217039,1.0540118688022055,-0.7442942312878363,0.696890922512419,0.23933973099645697
0.6867333128474957,0.15528344839809952,0.7442942312878363,0.696890922512419,-0.7704460189483299
-1.1764701517464478,-1.716862121343016,-0.7442942312878363,-0.7875678480218135,-0.7180621628923303
-1.0495596574964356,-0.850828681378819,-0.7442942312878363,-0.7875678480218135,0.19069718427336685
0.37754859632070525,0.006997304291395009,0.7442942312878363,-0.014249078763868913,-0.8265573616972904
0.8106835551508038,-0.05886446227348425,-0.7442942312878363,-0.014249078763868913,0.2647749350622203
0.5346211693288538,1.0865130655314537,0.7442942312878363,1.3588038966735592,0.2673122379403052
-0.1146377770960247,1.3866331704213029,0.7442942312878363,-0.014249078763868913,-0.9569784470483842
0.3123418011181758,-0.2784985226415276,0.7442942312878363,-0.014249078763868913,-0.5791381843554343
0.5304433368857928,-0.9522457883442265,-0.7442942312878363,-0.7875678480218135,0.08427664706971394
-2.515886114470241,-0.36326090771123265,-2.232882693863509,-2.6138386457462266,-0.8580262293092505
-0.07620498427347164,-0.3274231639627062,-0.7442942312878363,-0.014249078763868913,-0.473116314488004
-1.3087882971586344,0.030201095711330648,-0.7442942312878363,-0.014249078763868913,-0.8359755133880021
-0.13883919954825721,0.49902728904170507,-0.7442942312878363,0.696890922512419,-0.54058868377086
-0.06665150395696881,0.28605929977062006,-0.7442942312878363,-0.014249078763868913,-0.6966599347306691
-0.9696723690899486,-1.3981204139775223,-0.7442942312878363,-0.7875678480218135,-2.5261863576400514
-1.447270570873029,-0.8190688111058014,-0.7442942312878363,-0.7875678480218135,-1.22644516204644
-0.11946681157164074,0.8204424027201315,0.7442942312878363,0.696890922512419,-0.259180433538103
-0.6400106343831288,-0.03115983776693985,-0.7442942312878363,-0.014249078763868913,-0.3097138255439911
-1.5483752982004566,-0.2807136439743371,-0.7442942312878363,-0.7875678480218135,-0.8485629989334827
-0.815412409123929,-0.2608071363115634,-0.7442942312878363,-0.014249078763868913,-1.0680720302250364
1.0762939531110234,0.19643671144813846,0.7442942312878363,-0.014249078763868913,1.2896295935507711
-1.0247704214904902,-1.1300543368361926,-0.7442942312878363,-0.014249078763868913,-1.7107266141614517
0.3254569474528129,-0.07597543749343288,0.7442942312878363,-0.7875678480218135,1.0037779448634163
-0.6070280886816101,0.6020586076867225,-0.7442942312878363,-0.7875678480218135,-2.5261863576400514
0.48002361257241855,0.6424551891455924,0.7442942312878363,0.696890922512419,-0.16779000644630934
0.37322987724258466,0.8502926072582887,-0.7442942312878363,-0.014249078763868913,-2.5261863576400514
1.098771207253023,-0.7729829273176625,-0.7442942312878363,-0.7875678480218135,0.24698220437902577
-2.515886114470241,-1.4447162169498304,-2.232882693863509,-1.642943575886056,-1.8813077877436708
0.37754859632070525,-1.1274706027826646,-0.7442942312878363,-0.014249078763868913,-0.23687821222034797
0.9278296906001577,0.05331922030134878,0.7442942312878363,0.696890922512419,1.1394513766127208
-1.1764701517464478,0.5614218023446687,2.232882693863509,-0.7875678480218135,-1.15833886627203
-0.8270342013805789,-0.5714016427361619,-0.7442942312878363,-0.014249078763868913,0.48390980343948464
-0.8328597715616671,-0.08883994781586994,-0.7442942312878363,-0.014249078763868913,0.19326776091760423
-2.515886114470241,-0.7488827926011872,-0.7442942312878363,-1.642943575886056,-1.3660590415029605
0.6826834213722296,0.7130584037734781,0.7442942312878363,0.696890922512419,-0.22853941183927973
2.43476428474282,1.2044688695154104,2.232882693863509,1.3588038966735592,2.3100938972435885
-0.28712353463525925,-0.34083676796497003,0.7442942312878363,-0.014249078763868913,0.72584963556083
0.4418558581811603,-0.6064498760425573,0.7442942312878363,0.696890922512419,0.38780726965874995
2.43476428474282,1.4435317570769783,2.232882693863509,1.9804861536502345,2.532279031699614
0.8695894566358289,0.27188377471228375,-0.7442942312878363,-0.7875678480218135,-0.11044597666791506
1.3149937522725572,2.0468217326160163,0.7442942312878363,1.9804861536502345,0.9041185703182654
-2.515886114470241,-1.106847624661186,-0.7442942312878363,-0.7875678480218135,-0.07795249716266875
-0.7238033756816344,0.10762692924345117,-0.7442942312878363,-0.7875678480218135,-0.4180598607161074
1.5092944150037217,0.7641299818899965,2.232882693863509,1.9804861536502345,1.8853301081387877
-1.3910822038104853,-0.705767417476013,-0.7442942312878363,-0.014249078763868913,-0.4527618646048687
1.34009570954891,1.355417728129548,0.7442942312878363,0.696890922512419,0.45696211931079694
0.3385348874736624,0.7942194406656422,2.232882693863509,1.3588038966735592,0.6857942474960679
-0.4568655668224744,0.11178518736702989,-0.7442942312878363,-0.7875678480218135,0.48635353278613574
1.3899665061346964,0.3564794228175001,0.7442942312878363,1.3588038966735592,1.4407477171782268
0.6297311226148371,2.080199545105829,-0.7442942312878363,-0.7875678480218135,0.8306467305997937
0.3254569474528129,-0.6158330135548172,0.7442942312878363,-0.014249078763868913,-0.9991283809814502
-0.042861940538578586,0.4636748545026081,0.7442942312878363,-0.7875678480218135,0.9155220090843467
1.7174392182939497,0.981262679749456,0.7442942312878363,1.3588038966735592,2.0399336189466486
1.6330194458883085,1.7103091192052946,0.7442942312878363,1.3588038966735592,0.9109630846140712
-0.9575522727926549,-1.0760678327587447,-0.7442942312878363,-0.7875678480218135,-0.045654178986508025
1.0461768518763,2.2497822444631113,2.232882693863509,1.9804861536502345,1.8694921086085432
-0.14369645774616455,0.049122254144641476,0.7442942312878363,0.696890922512419,-1.0979532094021471
0.5304433368857928,0.12631767396411867,0.7442942312878363,0.696890922512419,1.2160512214148185
-1.1764701517464478,-1.627222879837579,0.7442942312878363,-0.7875678480218135,-0.6723175038520268
1.6804417149949482,2.7261624282959285,2.232882693863509,2.568487851943928,2.532279031699614
-1.0247704214904902,-1.3817817201118878,-0.7442942312878363,-0.7875678480218135,-0.44696150061881545
1.5404720503058444,0.14288566185177146,0.7442942312878363,0.696890922512419,1.2334365938055831
-0.20243434397316837,-1.3330926058656742,0.7442942312878363,-0.7875678480218135,-2.5261863576400514
0.3428859872935789,0.14288566185177146,0.7442942312878363,0.696890922512419,1.2334365938055831
-0.07620498427347164,0.10970639914609737,0.7442942312878363,-0.014249078763868913,-0.7704460189483299
1.239003457933049,0.7073605808788285,0.7442942312878363,1.3588038966735592,1.801795018495286
-0.07620498427347164,-0.9223622037449283,-0.7442942312878363,-0.014249078763868913,0.11563454340285294
-1.3359643855833994,-0.22558069639300016,-0.7442942312878363,-0.014249078763868913,-0.9991283809814502
0.8695894566358289,0.756587373895919,0.7442942312878363,1.3588038966735592,-0.05639881708696592
-0.7635890296836642,-2.6739562474123684,-0.7442942312878363,-3.0142560038231623,-1.7223746906151232
1.6398172966004654,1.8354905985616468,0.7442942312878363,1.3588038966735592,0.28757030610349266
-2.515886114470241,0.5962681571289234,-0.7442942312878363,-1.642943575886056,1.7091867916749086
-1.1764701517464478,-1.1689685782854775,-0.7442942312878363,-0.014249078763868913,-0.14313819861001179
0.916233820088507,-0.8044730953828095,-0.7442942312878363,-0.014249078763868913,0.01040866494098333
0.21946658189579943,-1.0863073047645422,-0.7442942312878363,-0.014249078763868913,-0.13494631105525998
-0.07620498427347164,-1.205560362234385,-0.7442942312878363,-0.014249078763868913,-0.1815352444497337
0.12463545120560096,0.6501228904558639,-0.7442942312878363,-0.014249078763868913,-0.6966599347306691
0.37754859632070525,0.9885705839321545,-0.7442942312878363,-0.014249078763868913,-0.5880775794765564
-0.22220236961177012,-0.035414024930344665,0.7442942312878363,0.696890922512419,-0.8580262293092505
0.11092113151649795,0.5107702421763646,-0.7442942312878363,-0.014249078763868913,1.528602492618246
-2.515886114470241,-0.787494217423634,-0.7442942312878363,-0.7875678480218135,-2.5261863576400514
-0.8798231554714843,-1.3817817201118878,-0.7442942312878363,-0.7875678480218135,-0.3664505130195395
-0.786526854430916,-0.9547437260805272,-0.7442942312878363,-0.7875678480218135,0.08165547314992273
0.881290032657406,0.412278137637728,0.7442942312878363,0.696890922512419,-0.5940463083223038
-2.515886114470241,-1.4090436290346775,-0.7442942312878363,-1.642943575886056,-0.39505739286033315
-0.08578020183085924,0.16147332581293183,0.7442942312878363,0.696890922512419,0.17524908061407649
0.8067322624254215,0.06170475587700291,0.7442942312878363,0.696890922512419,1.1482506140136244
-0.7635890296836642,-1.2636062374252102,-0.7442942312878363,-0.7875678480218135,-0.2424448227753196
-0.023925928063933892,-0.21023393167243692,-0.7442942312878363,-0.014249078763868913,0.8444879675837444
-1.3359643855833994,-0.007813786442039202,-0.7442942312878363,-0.014249078763868913,-0.7704460189483299
0.027719372343292074,-0.4858633245954075,0.7442942312878363,0.696890922512419,-1.281730270896381
-0.07620498427347164,-1.03023965091447,0.7442942312878363,-0.014249078763868913,0.002434944011231831
-0.11946681157164074,-0.39705870840795077,0.7442942312878363,-0.014249078763868913,0.6668539761143957
0.5304433368857928,-1.3277125446146882,0.7442942312878363,-0.7875678480218135,-0.3097138255439911
0.4033773604180034,0.34646556033167747,2.232882693863509,0.696890922512419,-0.8580262293092505
-1.2155665193410767,0.1902805341923638,-2.232882693863509,0.696890922512419,-0.9344450898004246
-0.29216119777503546,-1.7314872805283978,-0.7442942312878363,-0.7875678480218135,-0.7334088567960338
1.372205980084752,2.7261624282959285,0.7442942312878363,1.3588038966735592,0.828336893721195
-0.9879360633328153,-0.9447590564664341,0.7442942312878363,-0.7875678480218135,0.09213273813930177
-0.33269368358210083,0.036514494721305545,0.7442942312878363,0.696890922512419,-0.6723175038520268
0.12919742148858057,-0.2784985226415276,-0.7442942312878363,-0.7875678480218135,-0.002887347909211966
0.33417968864035424,0.04492248159036582,0.7442942312878363,0.696890922512419,1.1306403833678997
-0.6510713488544949,-1.135225734578557,-0.7442942312878363,-0.7875678480218135,-0.10773064596414283
-0.12430145143246024,0.17177649160197234,0.7442942312878363,0.696890922512419,0.8582988619584299
-0.028652032369166178,-1.0581975224485018,-0.7442942312878363,-0.7875678480218135,-0.7334088567960338
-0.39946077771287125,-0.29624264072718676,-0.7442942312878363,-0.7875678480218135,0.3604143230232162
-0.2720484939086317,-0.035414024930344665,0.7442942312878363,0.696890922512419,-0.8580262293092505
-0.8798231554714843,-1.5929888470058988,-0.7442942312878363,-1.642943575886056,-0.5880775794765564
-0.8096160888934794,-0.22338590143500506,-0.7442942312878363,-0.014249078763868913,-1.0383929854889182
-0.7068878207436855,-0.57373143713646,-0.7442942312878363,-0.7875678480218135,0.4814650682358039
0.5886070626390641,1.5476123766091938,0.7442942312878363,0.696890922512419,0.18297842289762642
-1.1123801616447146,-0.33859904703696425,-0.7442942312878363,-1.642943575886056,-1.1146427418556921
0.16552482487969294,-0.06741401268708752,0.7442942312878363,1.3588038966735592,-0.7088779630741089
-1.3087882971586344,-1.7934391983097968,-0.7442942312878363,-1.642943575886056,-0.7984171829883973
-0.2720484939086317,-0.09098665308871291,-0.7442942312878363,0.696890922512419,-2.116499041173946
0.10175442961098476,-0.14490034145597744,0.7442942312878363,0.696890922512419,0.9314526190295203
-1.0247704214904902,-0.8141992032046299,0.7442942312878363,-0.7875678480218135,0.22913378398939213
0.916233820088507,1.5898682511435032,-0.7442942312878363,-0.7875678480218135,-2.5261863576400514
-1.377204783935426,-0.9025329108410013,-0.7442942312878363,-2.6138386457462266,-0.0483383369008321
-0.17296050776313007,-1.502909601087239,0.7442942312878363,-0.014249078763868913,-0.4935542586246457
-0.6070280886816101,-0.5042498471768626,-0.7442942312878363,-0.014249078763868913,0.5543745442651924
-2.515886114470241,-1.9568648555384562,-2.232882693863509,-1.642943575886056,-0.9699054728394003
0.20155806473072665,-0.9000594347330513,-0.7442942312878363,-0.7875678480218135,0.13903762332094313
0.5304433368857928,-1.2955553190481015,-0.7442942312878363,-0.7875678480218135,-1.0383929854889182
-1.2419098489892475,1.0449579958286328,2.232882693863509,-0.7875678480218135,-0.3550526855080131
-0.6070280886816101,-0.7033819783487173,-0.7442942312878363,-0.7875678480218135,0.06853094747628227
-0.4779546643975066,1.6536635116778804,-0.7442942312878363,-0.014249078763868913,-0.3238391892650398
0.4375959532993526,1.4812309592148407,0.7442942312878363,0.696890922512419,-0.19807696489535767
-0.8916655721954303,-0.10818738784398721,-0.7442942312878363,-0.7875678480218135,-0.12676701673968593
1.3042012564057879,-0.12111971381210378,-0.7442942312878363,-0.014249078763868913,-0.9216191660670421
0.3254569474528129,0.21486996977312112,0.7442942312878363,-0.7875678480218135,0.7446096900981304
0.5304433368857928,0.9390977002720876,0.7442942312878363,0.696890922512419,-0.13494631105525998
0.37754859632070525,0.7414776821151248,0.7442942312878363,-0.014249078763868913,1.8615602532980033
0.8225190907331511,0.05751338567890462,0.7442942312878363,0.696890922512419,0.8190890432120561
0.12919742148858057,1.6452989178202573,2.232882693863509,0.696890922512419,-0.5023391929806094
0.5304433368857928,-1.3600820360095256,0.7442942312878363,-0.7875678480218135,-0.3436802713076491
-0.9696723690899486,-0.9772786041555628,-0.7442942312878363,-1.642943575886056,-1.1414802873853753
0.9084888545582367,1.296102066027606,0.7442942312878363,0.696890922512419,0.9970318834227446
0.263929399506916,-0.1687742441636727,-0.7442942312878363,-0.014249078763868913,0.9064008932672455
0.0971638871942345,0.7867091698508563,-0.7442942312878363,-0.014249078763868913,-1.3342335414326607
-0.31237574006993885,-1.5618281127850626,-0.7442942312878363,-0.7875678480218135,-2.5261863576400514
-0.531195789733626,-0.43105343273299457,-0.7442942312878363,-0.7875678480218135,0.6311821162772261
-1.5928682203138658,-1.132639380104086,-0.7442942312878363,-0.014249078763868913,-0.17603285497425813
0.5720599360473959,0.10762692924345117,0.7442942312878363,0.696890922512419,0.7633131528322084
-0.3276044168702233,0.24954530827290075,-0.7442942312878363,-0.014249078763868913,-0.6119966261593106
0.8106835551508038,1.0919159086180819,0.7442942312878363,0.696890922512419,0.08427664706971394
-0.6677258427929178,0.7622450924902008,-0.7442942312878363,-0.014249078763868913,-0.0833544288375971
-0.22220236961177012,0.13046371586051753,-0.7442942312878363,-0.7875678480218135,-2.5261863576400514
0.19706975373941799,0.3824445112234229,2.232882693863509,1.3588038966735592,1.1460519042019586
1.2680747698141253,0.9556264996097305,-0.7442942312878363,0.696890922512419,1.985504938066012
-0.3531166314842814,-0.27407075083131094,-0.7442942312878363,-1.642943575886056,-1.4232578736023862
-0.009778965881806231,0.6174758760272846,-0.7442942312878363,-0.7875678480218135,1.6990484522055325
1.530098080009902,0.3684760026856486,2.232882693863509,1.9804861536502345,1.4701564725109095
0.37754859632070525,1.2239467367777777,0.7442942312878363,-0.014249078763868913,0.2647749350622203
0.7510886254630611,1.0666684216783637,-0.7442942312878363,-0.7875678480218135,-2.5261863576400514
0.3254569474528129,-0.5504764872483603,0.7442942312878363,-0.014249078763868913,-1.2401984633798526
0.3515759360468913,0.9739473638935137,-0.7442942312878363,0.696890922512419,-0.6119966261593106
1.418268298431292,0.3223698659543164,0.7442942312878363,1.3588038966735592,1.3942788631407386
-1.3359643855833994,0.2961658280898574,0.7442942312878363,-0.014249078763868913,0.3203381285551051
0.36890715006992325,1.2557103138431789,-0.7442942312878363,-0.7875678480218135,-0.032253316386012386
0.5596124975940152,1.2044688695154104,0.7442942312878363,0.696890922512419,0.2163505253862383
-0.8096160888934794,-1.458507431669056,-0.7442942312878363,-0.014249078763868913,-0.44696150061881545
0.58034053470143,0.4872638122018073,-0.7442942312878363,-0.7875678480218135,1.4154400287368183
0.17907137820242564,-0.9099602370812166,-0.7442942312878363,-0.7875678480218135,0.08165547314992273
-0.5204873175930284,-0.7850729841791634,-0.7442942312878363,-0.014249078763868913,0.042187902408878236
0.064894430933787,0.5885399089753668,0.7442942312878363,-0.014249078763868913,-0.26477096091109276
0.3167176702184914,-0.4287809219834265,-0.7442942312878363,0.696890922512419,0.6335667417315155
-0.227159424878899,0.8372486528778239,0.7442942312878363,0.696890922512419,-0.9088294228707189
-0.20736736487364896,0.08053148063070342,-0.7442942312878363,-0.014249078763868913,-0.6300137158640527
-0.2720484939086317,0.9574606870577553,-0.7442942312878363,-0.7875678480218135,-0.17603285497425813
0.8695894566358289,0.7773100146113612,0.7442942312878363,0.696890922512419,-0.4036710446014943
-0.4779546643975066,1.2768113811751969,-0.7442942312878363,-0.7875678480218135,-0.49062940139237565
-1.1764701517464478,-2.0221323835803315,-0.7442942312878363,-0.7875678480218135,-1.0383929854889182
-0.06665150395696881,0.6654327198093654,0.7442942312878363,0.696890922512419,-0.0833544288375971
1.0310543121877356,0.4003607916556436,0.7442942312878363,1.9804861536502345,1.4154400287368183
-1.0247704214904902,-1.298227081939067,-0.7442942312878363,-0.014249078763868913,-0.2787736925474134
1.813902288151811,0.34446095798167076,0.7442942312878363,-0.014249078763868913,0.6786984988876623
-1.1250941506280279,-1.2318613095606261,-0.7442942312878363,-1.642943575886056,-0.44696150061881545
0.5968595913459899,0.891132382022108,0.7442942312878363,1.3588038966735592,0.15975847849199368
-0.23212254382899675,-1.349268360411864,-0.7442942312878363,-0.7875678480218135,-0.41229940799179354
0.8303942330187081,0.9003815344453369,0.7442942312878363,0.696890922512419,0.08427664706971394
0.1880796195072332,-0.1666000060968981,-0.7442942312878363,-0.014249078763868913,-0.8738417144061136
0.9662976467078426,0.8818712036410808,0.7442942312878363,1.3588038966735592,0.1416319252204513
0.08796834393154347,0.013334161387487605,0.7442942312878363,-0.014249078763868913,-0.867508978269835
0.39478361348786983,-0.7971899378186166,-2.232882693863509,-1.642943575886056,0.0395466521845213
0.38186331843274274,1.0865130655314537,0.7442942312878363,0.696890922512419,0.3303832009280983
-0.28712353463525925,-0.7368723639568615,0.7442942312878363,0.696890922512419,0.31027555601622503
-0.7635890296836642,-1.4090436290346775,-0.7442942312878363,-0.7875678480218135,-2.5261863576400514
0.027719372343292074,0.13460705763108366,0.7442942312878363,-0.014249078763868913,0.7328913204996425
-1.5928682203138658,0.3764616231516993,-0.7442942312878363,-0.7875678480218135,-1.0780097600680716
-1.3359643855833994,0.6616084502509807,-0.7442942312878363,0.696890922512419,-0.6571661937548575
-1.1764701517464478,-0.2784985226415276,-0.7442942312878363,-0.7875678480218135,-0.3550526855080131
1.7174392182939497,0.6482067662953943,0.7442942312878363,1.3588038966735592,1.763687800967076
0.5304433368857928,-1.458507431669056,-0.7442942312878363,-1.642943575886056,-0.44696150061881545
-2.515886114470241,0.10346594170768424,-0.7442942312878363,-0.7875678480218135,-0.045654178986508025
0.018375424158141168,0.26376958481121804,-0.7442942312878363,-0.014249078763868913,-0.2984413907941829
0.12463545120560096,0.9647927619726466,-0.7442942312878363,0.696890922512419,-0.6270061989585493
0.6623842311366064,0.2961658280898574,0.7442942312878363,1.3588038966735592,1.3496262336629394
-0.4098347531592151,0.2066839260034184,-0.7442942312878363,-0.014249078763868913,-0.6179948668457708
1.5092944150037217,0.2961658280898574,0.7442942312878363,0.696890922512419,1.3942788631407386
-0.2720484939086317,0.8837244036470192,-0.7442942312878363,-0.7875678480218135,-0.26477096091109276
0.29479651019160735,1.138574643994878,-0.7442942312878363,-0.014249078763868913,0.3253628465569918
-0.3531166314842814,-0.6582526179570355,-0.7442942312878363,-1.642943575886056,-0.4614750420588459
-0.1146377770960247,1.6770373096624962,-0.7442942312878363,-0.7875678480218135,-0.0833544288375971
0.16552482487969294,0.953791843958121,-0.7442942312878363,-0.014249078763868913,-0.12404337377854087
-2.515886114470241,-1.6501876814576069,-0.7442942312878363,-1.642943575886056,-0.6480983281639532
-0.25203610465597565,0.07217098904220946,-0.7442942312878363,-0.7875678480218135,0.13124748947182452
1.3757625435470735,-0.7392723485808566,-0.7442942312878363,-0.7875678480218135,0.30775716774221146
-1.5928682203138658,0.06170475587700291,0.7442942312878363,-0.014249078763868913,-1.2747796518411563
0.15647083284970112,-0.8803127839406795,-0.7442942312878363,-0.7875678480218135,0.15975847849199368
-2.515886114470241,-1.4751096714211533,-0.7442942312878363,-0.7875678480218135,-0.46438281469558823
-2.515886114470241,-0.8655504824746809,-2.232882693863509,-1.642943575886056,-2.5261863576400514
0.6705138863811693,1.832221245844993,0.7442942312878363,1.3588038966735592,1.3175512694525329
0.20155806473072665,-0.4038417893953422,2.232882693863509,1.3588038966735592,0.5929002507385244
0.13830724556527785,1.0049863856809584,-0.7442942312878363,0.696890922512419,-0.7334088567960338
-0.9879360633328153,0.06170475587700291,-0.7442942312878363,0.696890922512419,-0.7088779630741089
0.12919742148858057,-1.1481772451320025,-0.7442942312878363,-0.7875678480218135,-0.1213211214957173
0.21946658189579943,-0.8655504824746809,-0.7442942312878363,-0.014249078763868913,0.17524908061407649
-0.9274434656515438,-1.2955553190481015,-0.7442942312878363,-0.7875678480218135,-0.2759701177793586
0.4033773604180034,0.7414776821151248,-0.7442942312878363,-0.014249078763868913,1.8615602532980033
-0.29216119777503546,-0.28736396073371145,0.7442942312878363,0.696890922512419,0.7819605328405063
0.731066294584399,-0.49045443485618573,0.7442942312878363,0.696890922512419,-1.1956625798037421
1.0650199099255233,1.8027372050974801,0.7442942312878363,1.3588038966735592,1.4217756816744378
0.0833633126467194,0.31633208782845845,0.7442942312878363,0.696890922512419,-0.7457222161257406
0.02304993186146201,-0.458393334180635,-0.7442942312878363,-0.7875678480218135,0.6120713744789017
0.22393259611128896,1.154657074048442,0.7442942312878363,0.696890922512419,-1.3342335414326607
-0.17296050776313007,-1.502909601087239,0.7442942312878363,-0.014249078763868913,-0.4935542586246457
0.513695630543514,-0.9447590564664341,-0.7442942312878363,-0.7875678480218135,0.0395466521845213
-0.4463644714216432,-1.5392957320824237,-0.7442942312878363,-0.7875678480218135,-1.8089305963685087
-0.8096160888934794,-1.1715735016996034,-0.7442942312878363,-0.7875678480218135,-0.14587163636425782
0.15647083284970112,-0.1949261819779972,0.7442942312878363,0.696890922512419,-1.0351076141631774
-0.10499644660497215,0.8985326637900536,0.7442942312878363,0.696890922512419,-0.49648084092798334
0.48002361257241855,0.5458770252190215,0.7442942312878363,1.3588038966735592,1.6563096046932186
-2.515886114470241,-1.349268360411864,-2.232882693863509,-3.0142560038231623,-1.0023872082847662
-0.5960994477707116,0.3284020869867891,-0.7442942312878363,-0.014249078763868913,0.544704467741464
-2.515886114470241,-1.1637627483032067,-0.7442942312878363,-0.7875678480218135,-0.13767553811928113
1.530098080009902,-1.2213243630175734,-0.7442942312878363,-0.7875678480218135,-0.19807696489535767
-0.07620498427347164,0.5049013243597232,-0.7442942312878363,-0.7875678480218135,1.0574948952523784
-0.1146377770960247,-1.5929888470058988,-0.7442942312878363,-0.014249078763868913,-0.5880775794765564
-0.3276044168702233,1.2873397083092373,0.7442942312878363,-0.014249078763868913,1.0194914222860996
1.2061142472825608,1.4914806220196652,0.7442942312878363,1.3588038966735592,1.1041363945409721
0.02304993186146201,-0.9323046744449437,-0.7442942312878363,-0.7875678480218135,0.10520155921816193
-0.8798231554714843,-0.8190688111058014,-0.7442942312878363,0.696890922512419,-1.3802834848819134
0.48002361257241855,0.4320930192009216,2.232882693863509,1.9804861536502345,1.5369120453666631
0.5178880326350791,-0.5783939063760745,0.7442942312878363,0.696890922512419,0.4765725752824748
-0.17296050776313007,-1.502909601087239,0.7442942312878363,-0.014249078763868913,-0.4935542586246457
1.530098080009902,2.042042481588748,0.7442942312878363,1.9804861536502345,0.5664403035833508
0.727052229161493,-0.6629858538686059,-0.7442942312878363,-0.014249078763868913,-0.953752490609973
-0.8916655721954303,-2.1558016779819016,0.7442942312878363,-1.642943575886056,-1.1786568772867827
1.6159905556366612,0.3364364304576394,0.7442942312878363,1.3588038966735592,1.4090985284000435
0.3298203791871867,0.630937573536318,-0.7442942312878363,-0.7875678480218135,1.1416522862347773
0.2903996736923379,-0.7826528267994345,0.7442942312878363,-1.642943575886056,-2.5261863576400514
-1.0247704214904902,-0.7392723485808566,-0.7442942312878363,-0.7875678480218135,-0.44696150061881545
0.9470990255897354,0.9721173742100677,2.232882693863509,1.3588038966735592,-0.7149987859415103
0.2903996736923379,0.7035594316046263,-0.7442942312878363,-0.014249078763868913,-0.7457222161257406
-0.07620498427347164,-0.34083676796497003,0.7442942312878363,0.696890922512419,0.72584963556083
-0.803829421173099,-0.0652755137898717,-0.7442942312878363,-0.014249078763868913,1.0150057511245383
-1.1764701517464478,-1.2160641909279637,-2.232882693863509,-0.7875678480218135,-0.28719354159510596
0.12919742148858057,-0.527316340622977,0.7442942312878363,1.3588038966735592,0.5301700614378787
-1.0495596574964356,-0.9948727736520773,-0.7442942312878363,-0.7875678480218135,0.0395466521845213
-0.8916655721954303,-0.8655504824746809,-0.7442942312878363,-1.642943575886056,-1.473980851852275
-1.3359643855833994,-1.9630378147775174,2.232882693863509,-0.7875678480218135,-0.9763829760734575
0.9586266341463775,1.8092985570310216,0.7442942312878363,1.3588038966735592,0.0077520510357097835
-0.07620498427347164,1.4366574443179148,-0.7442942312878363,-1.642943575886056,-0.6511190484082373
-0.09537730568546697,-0.927331109554812,0.7442942312878363,-1.642943575886056,0.11042049577889002
-0.2720484939086317,0.13046371586051753,-0.7442942312878363,-0.7875678480218135,-2.5261863576400514
0.07413865406985522,0.340449918964735,-0.7442942312878363,-0.014249078763868913,-0.22298759433119894
0.12919742148858057,0.6635208501625761,-0.7442942312878363,-0.7875678480218135,0.28251249408901097
0.5304433368857928,-1.2636062374252102,-0.7442942312878363,-1.642943575886056,-0.2424448227753196
-0.29216119777503546,-0.5597670256172762,-0.7442942312878363,-1.642943575886056,-0.5287879814580502
-0.9274434656515438,-0.47211195213787294,-0.7442942312878363,-0.014249078763868913,-1.4232578736023862
0.9547869161051681,0.24954530827290075,2.232882693863509,1.3588038966735592,1.3453583120415402
0.58034053470143,0.09513575685512304,2.232882693863509,1.3588038966735592,1.183330939116577
-1.5928682203138658,-1.349268360411864,-0.7442942312878363,-0.014249078763868913,-0.38932309444339025
-1.526397978481396,-0.6252318550958768,-0.7442942312878363,-0.7875678480218135,-1.295666349372708
0.6297311226148371,-1.3763477070030465,-0.7442942312878363,-0.7875678480218135,-0.36074841194884105
0.29918912909899725,1.2274827026560802,2.232882693863509,0.696890922512419,2.371542414268957
0.5387953830323785,0.5827379710409535,0.7442942312878363,0.696890922512419,-0.4180598607161074
0.8539472442208857,1.6803707868213247,2.232882693863509,1.3588038966735592,0.4002162481528414
-2.515886114470241,0.6577820578669283,-0.7442942312878363,-0.7875678480218135,1.7737354911784704
-0.815412409123929,-0.173125061124666,-0.7442942312878363,-0.014249078763868913,-0.9828698602103612
-1.377204783935426,-0.5504764872483603,-0.7442942312878363,-0.014249078763868913,-0.5821161607784701
0.6050981917046417,2.7261624282959285,0.7442942312878363,0.696890922512419,1.514036936378464
-1.5928682203138658,0.627094070310155,-0.7442942312878363,-0.7875678480218135,-0.7984171829883973
0.555456237587686,-0.2918016417835667,0.7442942312878363,1.3588038966735592,0.777303918040548
-0.07620498427347164,-0.8385912122702222,0.7442942312878363,-0.014249078763868913,0.20353839100384663
0.513695630543514,-0.9547437260805272,-0.7442942312878363,-0.7875678480218135,0.08165547314992273
0.1428551284053469,1.3101006628967982,0.7442942312878363,0.696890922512419,-0.2759701177793586
0.4119553822456105,-0.005695759117827906,-0.7442942312878363,-1.642943575886056,-0.22853941183927973
1.4323666535586435,1.0431458690680462,2.232882693863509,2.568487851943928,-0.021556420773960878
-1.3359643855833994,-1.1793963304900545,-0.7442942312878363,-1.642943575886056,-1.0912952667679483
0.16552482487969294,-0.5783939063760745,-0.7442942312878363,-0.014249078763868913,-1.6226004979600954
0.2903996736923379,-0.2652250649683808,-0.7442942312878363,-0.014249078763868913,0.5640290864993559
0.7988204629127015,1.446966605606743,0.7442942312878363,0.696890922512419,-0.16504524419770764
0.916233820088507,0.680708640224343,0.7442942312878363,-0.7875678480218135,-2.2225285770651517
0.9123627801267912,1.5051257166171252,0.7442942312878363,1.3588038966735592,0.32787356848593435
0.7988204629127015,0.4970681377303665,0.7442942312878363,0.696890922512419,-0.7704460189483299
0.018375424158141168,-0.23876634611188052,0.7442942312878363,-0.014249078763868913,0.8329557190533746
0.3254569474528129,-0.5088557080354514,-0.7442942312878363,0.696890922512419,0.5495414524770044
-0.5204873175930284,-1.458507431669056,-0.7442942312878363,-0.7875678480218135,-0.44696150061881545
0.5304433368857928,-0.40610457150707374,0.7442942312878363,-0.7875678480218135,0.09997771994253103
1.4041350029817792,2.100794997200837,2.232882693863509,2.568487851943928,2.532279031699614
1.1582567573293605,0.8540150408954776,2.232882693863509,1.3588038966735592,0.08689658137051225
-0.9035494688685937,-0.5388846359563656,-0.7442942312878363,-1.642943575886056,0.28251249408901097
1.54392593717808,1.9297321425365506,0.7442942312878363,1.3588038966735592,0.3604143230232162
0.11092113151649795,-0.8532795164943875,-0.7442942312878363,-0.014249078763868913,0.0395466521845213
2.104002753763515,2.7261624282959285,0.7442942312878363,1.3588038966735592,-0.8580262293092505
0.9892437369130018,1.0068080655799592,0.7442942312878363,1.3588038966735592,2.138069203616211
0.009011140866700152,-0.173125061124666,-0.7442942312878363,-0.014249078763868913,0.9018354280107617
0.727052229161493,-1.458507431669056,-0.7442942312878363,-0.7875678480218135,-0.44696150061881545
0.21946658189579943,-0.23876634611188052,-0.7442942312878363,-0.014249078763868913,0.8329557190533746
0.916233820088507,-0.8532795164943875,-0.7442942312878363,-0.7875678480218135,0.18812543679012086
-0.6621658367356262,-0.9124383171510393,-0.7442942312878363,-0.7875678480218135,0.12604802663137793
-0.9515087521438639,-0.4766920919846015,-0.7442942312878363,-0.7875678480218135,0.5832918660015293
-0.5204873175930284,-1.3411737952441738,-0.7442942312878363,-1.642943575886056,-0.3238391892650398
-0.17296050776313007,-1.502909601087239,0.7442942312878363,-0.014249078763868913,-0.4935542586246457
-1.0495596574964356,-0.9547437260805272,-0.7442942312878363,-0.7875678480218135,0.08165547314992273
0.4033773604180034,2.7261624282959285,0.7442942312878363,1.3588038966735592,2.532279031699614
-0.17296050776313007,0.4617053554886845,-0.7442942312878363,-2.6138386457462266,-0.12676701673968593
0.7590753018114186,-0.5877303999353709,0.7442942312878363,0.696890922512419,0.4150723998171667
1.1730268371449852,-0.5458369108024013,0.7442942312878363,0.696890922512419,0.5107357757755538
-0.4779546643975066,-0.20366870751612492,0.7442942312878363,0.696890922512419,-0.9828698602103612
0.8539472442208857,2.121339668432969,0.7442942312878363,0.696890922512419,0.798231379408268
0.45461259799833487,0.013334161387487605,0.7442942312878363,0.696890922512419,1.0396386066353072
0.1835777690786622,-0.39028350404666834,0.7442942312878363,-0.014249078763868913,0.6359504336858137
-1.2751632824016623,0.21486996977312112,-0.7442942312878363,-0.7875678480218135,0.044827884325585134
-2.515886114470241,-2.832948249301812,-2.232882693863509,-3.0142560038231623,-2.5261863576400514
0.3123418011181758,-0.7778157339058043,-0.7442942312878363,-0.7875678480218135,0.24698220437902577
-0.4779546643975066,-1.458507431669056,-0.7442942312878363,-0.7875678480218135,-0.44696150061881545
0.027719372343292074,0.7433681835950501,0.7442942312878363,-0.014249078763868913,0.07903305784989861
-1.447270570873029,-1.6703767280771087,-0.7442942312878363,-0.7875678480218135,-0.7334088567960338
0.20155806473072665,-0.0652755137898717,-0.7442942312878363,0.696890922512419,0.9744938962743284
-1.2155665193410767,-2.0221323835803315,-0.7442942312878363,-1.642943575886056,-1.0383929854889182
-0.8857392059747109,-1.8743857670376816,-0.7442942312878363,-2.6138386457462266,-2.5261863576400514
-0.8096160888934794,-1.1872312908538674,-0.7442942312878363,-0.7875678480218135,-0.5524177874158409
-0.2720484939086317,-1.3763477070030465,-0.7442942312878363,-1.642943575886056,-0.36074841194884105
0.11092113151649795,0.028095214369050468,-0.7442942312878363,-0.7875678480218135,1.1129829400534041
0.9201019808820792,0.518587528443282,0.7442942312878363,-0.014249078763868913,-0.44696150061881545
-2.515886114470241,-1.7139427710365789,0.7442942312878363,-2.6138386457462266,-1.4812798374042333
-0.9214540511086161,0.49510841582009674,-0.7442942312878363,-0.7875678480218135,-0.7334088567960338
0.5304433368857928,-0.7129299214338464,0.7442942312878363,-0.7875678480218135,0.2189094809180366
0.5304433368857928,-0.705767417476013,0.7442942312878363,-0.014249078763868913,0.3429150703272757
0.5304433368857928,0.04492248159036582,0.7442942312878363,-0.014249078763868913,1.0974936480099493
-0.30731247235761616,0.07635261994154967,0.7442942312878363,0.696890922512419,-0.687516959562981
0.8968496994633158,1.5340419357920005,-0.7442942312878363,0.696890922512419,0.6976023114072327
-0.84454050853384,-1.4090436290346775,-0.7442942312878363,-0.7875678480218135,-2.5261863576400514
0.4375959532993526,-0.09528231660525607,2.232882693863509,0.696890922512419,0.9586701858297267
0.46309804838473856,-0.22777629368884098,-0.7442942312878363,-0.014249078763868913,-0.38932309444339025
-0.7635890296836642,-1.2003166711512274,-2.232882693863509,-1.642943575886056,-0.17603285497425813
-0.4779546643975066,1.6318970607013428,-0.7442942312878363,-0.014249078763868913,-0.19807696489535767
0.013695832700771956,-0.1949261819779972,-0.7442942312878363,-1.642943575886056,0.06853094747628227
0.39048081601571105,0.5962681571289234,0.7442942312878363,0.696890922512419,-0.38932309444339025
0.6297311226148371,-1.245063803133683,-0.7442942312878363,-0.7875678480218135,-0.22298759433119894
-0.3531166314842814,-0.7585101118914477,-0.7442942312878363,-0.014249078763868913,0.28757030610349266
-0.3531166314842814,-1.3763477070030465,-0.7442942312878363,-0.7875678480218135,-0.36074841194884105
0.11092113151649795,1.51193924732126,-0.7442942312878363,-0.7875678480218135,0.2086667223809157
-1.1506768671908085,-0.4492656706719928,-0.7442942312878363,-0.7875678480218135,0.6120713744789017
-0.028652032369166178,-0.8704667330862648,-0.7442942312878363,-0.7875678480218135,0.170090285941586
0.0833633126467194,0.049122254144641476,0.7442942312878363,1.3588038966735592,1.1350473524161453
1.6262137770537228,2.0069099263645933,2.232882693863509,1.3588038966735592,1.1041363945409721
-0.07620498427347164,0.8985326637900536,-2.232882693863509,-0.014249078763868913,-0.013547547302646634
-0.9879360633328153,-0.3341261523881139,-0.7442942312878363,-0.7875678480218135,-1.2539967840640873
0.03238376204677516,1.2274827026560802,0.7442942312878363,0.696890922512419,-0.20913375349001104
1.3149937522725572,1.5391336282858938,0.7442942312878363,1.3588038966735592,0.2673122379403052
0.02304993186146201,-0.57373143713646,-0.7442942312878363,-0.7875678480218135,0.4814650682358039
-2.515886114470241,-0.6111394867138761,-0.7442942312878363,-0.014249078763868913,-0.3408411187138783
0.21946658189579943,1.1742659497971055,-2.232882693863509,-0.7875678480218135,0.0395466521845213
-0.9818369432532631,0.4003607916556436,-0.7442942312878363,-0.014249078763868913,-0.4702034479382203
-1.5928682203138658,1.5898682511435032,0.7442942312878363,-0.014249078763868913,0.0077520510357097835
-0.07620498427347164,-0.15574048640298338,-0.7442942312878363,-0.014249078763868913,-1.0383929854889182
1.4779480962862046,0.23936596759942472,0.7442942312878363,1.3588038966735592,1.334676771862921
0.8890757155690809,2.510055765142864,0.7442942312878363,1.3588038966735592,1.2853236858563941
1.516237259990638,1.1707045632731699,2.232882693863509,1.3588038966735592,0.023672413603744873
-2.515886114470241,-1.6386909275792998,-2.232882693863509,-3.0142560038231623,-2.5261863576400514
-1.1764701517464478,-1.661713358124295,0.7442942312878363,-0.7875678480218135,-0.7334088567960338
-1.1764701517464478,0.6921434628278704,-0.7442942312878363,0.696890922512419,0.0395466521845213
-0.2720484939086317,0.4970681377303665,0.7442942312878363,0.696890922512419,0.3379055754892252
-0.9879360633328153,-0.9923557035116268,-0.7442942312878363,-0.7875678480218135,0.042187902408878236
0.12919742148858057,-0.2343679084171159,0.7442942312878363,0.696890922512419,0.8375711544206378
0.5304433368857928,0.13874770454435884,-0.7442942312878363,-0.7875678480218135,-0.26756848370192976
-0.07620498427347164,-1.3763477070030465,-0.7442942312878363,-0.7875678480218135,-0.44696150061881545
-1.1764701517464478,-0.4106327745441925,-0.7442942312878363,-0.7875678480218135,-1.0383929854889182
-0.3225216874390325,1.138574643994878,0.7442942312878363,0.696890922512419,-0.08876179779061015
0.46309804838473856,1.5391336282858938,-0.7442942312878363,-1.642943575886056,-0.7058205095144341
-1.1764701517464478,0.3564794228175001,-0.7442942312878363,0.696890922512419,-0.29281440305215867
0.21946658189579943,-0.9848117382004421,-2.232882693863509,-0.7875678480218135,-1.4959181718017456
0.42051776497890325,2.0643220970959217,2.232882693863509,1.3588038966735592,0.4076490292751902
0.3254569474528129,-0.6700932607784866,0.7442942312878363,0.696890922512419,0.07378449604330876
-2.515886114470241,-1.6501876814576069,-0.7442942312878363,-0.7875678480218135,-0.6480983281639532
-0.8798231554714843,-0.4492656706719928,-0.7442942312878363,-0.7875678480218135,-0.54058868377086
1.6669310535634856,0.3223698659543164,0.7442942312878363,1.3588038966735592,2.532279031699614
-0.9575522727926549,-1.5308739344003637,-2.232882693863509,-0.014249078763868913,-0.5880775794765564
0.9007323207255319,0.9077722291050401,0.7442942312878363,-0.014249078763868913,-0.36074841194884105
1.2097783263658113,0.19438530765888867,0.7442942312878363,1.3588038966735592,1.2874769834063302
1.5092944150037217,1.7202635154471018,0.7442942312878363,0.696890922512419,0.8720796124034541
-1.1764701517464478,0.2536125708048415,-0.7442942312878363,-0.014249078763868913,-0.23131753306153824
0.12919742148858057,-0.8803127839406795,-0.7442942312878363,-0.7875678480218135,-0.002887347909211966
1.5508275779441725,1.6100701921961351,2.232882693863509,2.568487851943928,1.5327585040630471
-0.2720484939086317,0.0027691545662855196,-0.7442942312878363,0.696890922512419,-2.116499041173946
-0.2620298537088391,-0.5504764872483603,-0.7442942312878363,-0.014249078763868913,0.5058673050357526
-0.42544800495962176,0.7490366161291839,0.7442942312878363,-0.014249078763868913,-0.5376358535624601
-0.3531166314842814,-0.9547437260805272,-0.7442942312878363,-1.642943575886056,0.08165547314992273
0.20155806473072665,0.4003607916556436,0.7442942312878363,0.696890922512419,-0.5170154768821759
-0.8096160888934794,0.2657990822777971,-0.7442942312878363,-0.7875678480218135,-1.5216663237874153
1.6601642080535013,1.2062416924677615,2.232882693863509,1.3588038966735592,0.013063988287900561
0.0833633126467194,-0.22558069639300016,0.7442942312878363,0.696890922512419,0.8467918850459727
